,会社情報,採用情報概要,雇用形態,仕事内容,対象となる方,勤務地,給与
0,株式会社ワット・コンサルティング | 大阪府緊急雇用対策に賛同★未経験向け研修カリキュラム期間No.1,未経験から手に職をつける【CAD事務】オフも大切にできる環境★ 正社員,正社員,【土日祝休み・残業少なめ】2ヶ月間の研修からスタート！“事務＋CADスキル”を学んで、街づくりを支えるお仕事です♪　★20代女性が活躍中！,【未経験歓迎・第二新卒歓迎】◆35歳以下の方 ★8割以上の先輩が未経験スタート ★給与を受け取りながら、充実の研修でスキルがつけられます！,宮城県、東京都、千葉県、埼玉県、神奈川県、茨城県、栃木県、群馬県、大阪府、愛知県で大募集！ 当社は…,"月給185,000〜230,000円＋住宅手当＋各種手当 ※経験・年齢を考慮の上、当社規定により優遇します。 ※住…"
1,株式会社ワット・コンサルティング | 大阪府緊急雇用対策に賛同★未経験向け研修カリキュラム期間No.1,日本を代表する建造物を手掛ける【街づくりコーディネーター】 正社員,正社員,【2ヶ月の研修からスタート】六本木ヒルズ・あべのハルカス・赤坂サカス・羽田空港・新国立競技場etc…アイコン施設を築いてきた実績豊富な会社！,【20代・30代活躍中／未経験歓迎】◆35歳以下の方 ★9割以上の先輩が未経験スタート ★毎月新入社員が入社。同期＆同世代の仲間と出会える♪,☆★全国募集！好きな街に配属！あなたの希望をお聞きします★☆ 北海道・東北・関東・東海・関西・中国…,"月給195,000〜240,000円＋住宅手当＋各種手当 ※経験・年齢を考慮の上、当社規定により優遇します。 ※住…"
2,Ｓｋｙ株式会社 | ＜社員定着率95％※2020年3月期＞,【自社パッケージ商品のプリセールス】 正社員,正社員,■『SKYSEA Client View』『SKYMENU』シリーズをはじめとする自社パッケージ商品の提案支援・導入サポート・アフターサポートなどをお任せします。,■「パッケージ導入／プリセールス／カスタマーサポート等の経験」または「ネットワーク・サーバの基礎知識」をお持ちの方（学歴不問）,東京、名古屋、仙台、福岡の各拠点 【勤務地】 ■東京(東京都港区港南2丁目16番1号　品川イースト…,"月給23万2千円以上（30歳以上で入社した場合：29万6千円以上） ※一律住宅手当15,000円を含みます。 なお…"
3,日本セーフティー株式会社 | 家賃保証サービスのリーディングカンパニー※年間休日127日！,業界大手で活躍！【提案営業】※未経験歓迎／土日祝休み 正社員,正社員,【ニーズ拡大中の自社サービスを提案する営業です】不動産会社やオーナー様に向け、自社の家賃保証サービスをご案内するお仕事です。,【未経験・第二新卒歓迎】◎高卒以上 ◎社会人経験・転職回数・男女不問！フリーターから社会人デビューを目指す方も歓迎！★20代・30代活躍中！,ご希望を考慮し、いずれかの事業所へ配属。 【本社】 ◆大阪／大阪市西区江戸堀 ◆東京／東京都港区芝…,【総合職】 ◆月給23万円〜25万円（一律業務手当含む）+インセンティブ ※上記金額には、固定残業代30時…
4,DSP株式会社 | ★土日休み ★完全週休2日 ★年間休日125日～130日,◆経験者は前給UPを保証！【人材コーディネーター】※高卒以上 正社員,正社員,【裁量大きく、自由度高く活躍！】人材コーディネーターとして新規クライアントの拡大と登録スタッフ増員をお任せしていきます。,【人材業界経験をお持ちの方をとことん優遇！】※求人広告営業、人材派遣、人材紹介、人材コンサルティング等の経験をお持ちの方は優遇いたします。,【東京・大阪・北海道・宮城・福岡のいずれかで勤務】 ★転勤なし！ 【本社】 東京都港区西新橋1-6…,"月給／30万円〜 ＋ インセンティブ ★""前職の給与以上""を保証します。 　そこに経験・能力等を考慮し加給…"
5,株式会社ライジングサンセキュリティーサービス | 人物重視★応募者全員と面接します！／20～60代活躍中★,福島限定【警備】人の力で東北エリアを盛り上げよう！*月給28万~ 正社員,正社員,【福島県内主要駅周辺オフィスビル、商業施設、金融機関等の警備】★無理のないシフト★資格取得支援あり★成果は報酬に還元★バス・トイレ付の寮完備,【未経験者歓迎／年齢を気にせず応募可能／学歴・年齢不問】★担当施設へ直行直帰もOK！★人柄・意欲重視の採用！応募者全員とお会いします！,★福島エリアの各施設または下記支社★ ※転居を伴う、転勤はありません！ ※希望を考慮の上、配属を決…,月給28万円以上 ※時間外手当は別途支給 ※上記はあくまでも最低補償額。勤務地によって異なります。 ■…
6,株式会社コプロ・エンジニアード | 東証・名証一部上場のコプロ・ホールディングスグループ,全国47都道府県で採用！【設計アシスタント】★転勤なし 正社員,正社員,高級マンション/ランドマーク/重要文化財のお城…など街を象徴する建物～道路・プラント等の図面作成や設計を行います！,【CADスキルを存分に発揮！】★学歴不問★CADの基本的な操作スキルがある方 ◎ブランクがある方・第二新卒歓迎 ▼▼Web面接実施中▼▼,【転勤なし！希望の勤務地で働けます！】 47都道府県の好きな街が勤務地です。 <各拠点> ◆札幌支…,月給19万6000円以上+地域手当(最大5万1000円)+皆勤手当(1万円) ※上記給与は最低支給額です。 　前職給…
7,アマゾンジャパン合同会社 | 〔月給25万円以上〕〔転勤なし〕〔想像以上に？面白い？仕事〕,Amazonの安全性を守る【リスク調査官】※仙台勤務・経験一切不問 正社員,正社員,【まるで探偵のような仕事!?】Amazonをお客様に安心してご利用頂くために、一部の利用者による不正行為や迷惑行為の調査・取締を行う仕事です。,【異業種の方も歓迎！】☆TOEIC650点程度の英語力があれば尚良し！★U・Iターンもお待ちしています ★私服勤務OK,【転勤なし】宮城県仙台市（JR線「仙台駅」より徒歩約9分） UIターンも歓迎！ ＜住所＞ 宮城県仙…,月給25万円〜35万円 ※経験・能力・前職の給与等を考慮し優遇 ※残業代別途支給 ※試用期間3カ月／待…
8,株式会社グラスト | ★土日祝休み ★年間休日124日 ★20代男性活躍中,【キャリアコンサルタント】★未経験歓迎 ★管理職の70%が20代 正社員,正社員,【研修充実／早期キャリアUP】◆人材不足にお悩みの企業様を訪問し、ヒアリング。課題を確認し、企業様ごとに最適な解決方法を提案します。,【未経験・第二新卒歓迎／学歴不問】＜こんな方は大歓迎！＞★人材業界に興味がある方 ★キャリアアップ志向がある方 ★『人と話す』ことが好きな方,※転勤なし/希望を考慮 ※北海道/仙台/東京/横浜/大阪/難波/天神/宮崎/那覇の各拠点 ★東京・…,月給25万円〜50万円 ※あなたの年齢・経験・能力を考慮のうえ、優遇いたします。(エリアにより規定あり）…
9,株式会社ネクストビート | 『保育士バンク！』など自社メディアを運営／地方拠点を積極採用,“IT×社会課題解決”を目指す！【提案営業職】◆月給30万円～ 正社員,正社員,《反響スタイルで法人・個人の双方へアプローチ》ライフイベント・地方創生・グローバルの領域で、課題解決のための幅広い提案営業をお任せします。,《第二新卒・営業未経験歓迎／人柄・意欲重視の採用》◆大卒以上　☆成果を正当に評価＆好環境で裁量大きく活躍できます！,東京・札幌・仙台・名古屋・大阪・京都・広島・福岡・石川で大募集！ ☆引っ越し代全額負担 ☆UIター…,"★月給30万円以上 ※経験や能力を考慮し、決定致します。 ※上記には固定残業代（月40時間分／71,430円…"
10,株式会社アクロビジョン | やりたいことの実現を徹底サポートする《社員ファースト企業》,【インフラ/開発エンジニア】★経験者優遇★単価高還元★WEB面接 正社員,正社員,システム開発やAWS等クラウド案件、幅広いプロジェクトからスキルや希望を考慮して決定します！☆スキルチェンジも可能 ☆残業月16H以下 ☆年休129日,＜経験者優遇！単価還元率は70～80%！早期キャリアUP可能！＞◎独学の方もOK ◎常駐単価と還元率を公開中！クリアな評価制度 ★社宅、在宅手当あり,北海道/宮城/東京/神奈川/千葉/埼玉/愛知/大阪/京都/兵庫/広島/福岡 上記から希望勤務地をお…,【経験者】 月給：24〜50万円（拠点を問わず） ※経験やスキルを考慮の上、優遇します ※研修期間中（最…
11,アフラック保険サービス株式会社 | ★入社1年で営業所長も★年休126日以上★6月に仙台支社開設,【アフラック・コンサルタント（AC）】★ノルマ一切なし！ 正社員,正社員,＜入社～1年間の手厚い研修・フォロー体制あり＞●保険の見直しや新規契約を考えるお客様1人1人に合った保障をオーダーメイドで提案する仕事です。,＜未経験・第二新卒歓迎＞◆高卒以上◆前職・業界不問《異業種出身の先輩が多数》★やりがい、働きやすさ、どちらも揃った環境が魅力！,★転勤なし！ ★U・Iターン歓迎！ 東京、神奈川、愛知、京都、大阪、広島、福岡、宮城の各事業所 【…,月給25万円〜30万円＋インセンティブ+賞与（年4回） ※前職の経験・能力を考慮の上、当社規程により決定…
12,日本セーフティー株式会社 | ★24年連続増収増益企業／完全週休2日／年休127日以上／好待遇,安定基盤のもと、長く活躍できる【債権管理営業】※未経験者歓迎 正社員,正社員,家賃を滞納されている入居者の方に対して入金をご案内。★状況を伺い、入金を習慣化できるようカウンセリングを行う「債権管理業務」をお任せします。,【業界・職種未経験者、第二新卒者歓迎！不動産業界に関する経験・知識がなくてもOK！】◆高卒以上◆要普通免許(AT限定可),東京／大阪／札幌／仙台／埼玉／横浜／新潟／静岡／名古屋／京都／神戸／岡山／広島／松山／福岡／盛岡／…,月給25万3500円＋インセンティブ ※上記、月30時間分のみなし残業手当（4万7700円）を含み、 超過時間分…
13,株式会社竹中道路 | ＜竹中工務店グループ＞新宿駅前や高速道路なども手掛けています,【道路施工管理】未経験歓迎★昨年賞与実績平均5.5ヵ月分 正社員,正社員,【国交省などの官公庁案件6割／残業時間はWebで管理】施工管理の安全・品質・工程・原価管理　※1現場につき当社の施工管理スタッフ3名体制も,【未経験・第二新卒・ブランクがある方も歓迎】◆高卒以上 ◆要普免（AT限定可）※土木施工管理技士の資格・経験がある方は優遇します！,全国各地の施工場所に近い現場事務所にて勤務いただきます。 宿舎は勤務地から近いエリアに当社がご用意…,月給23万円〜（大学院・大学卒） 月給21万円〜（短大・高専・専門卒） 月給19万円〜（高卒） ※上記に加…
14,株式会社エーシーネクスト | 未経験者22.5万円／経験者25万円／幹部候補40万円からのスタート,≪賞与年4回・直行直帰OK・面接1回≫【エコ商品のPRスタッフ】 正社員,正社員,★研修・サポート体制充実★【飛び込み・テレアポなし／直行直帰可！】アポイントのあるお客様宅に訪問し、商品のご説明等をお任せします。,《未経験者から経験者、幹部候補まで幅広く募集中！》意欲・人物重視の採用！20～40代の男性が活躍中◎要普免 ◎明るく元気に仕事に取り組める方,【UIターン歓迎！】 <営業>仙台支店・秋田支店 <幹部候補>仙台支店・盛岡支店 【仙台支店】 宮…,"◆営業経験者(経験年数不問) 月給250,000円+賞与年4回(3ヶ月に一度／実績に応じて支給) ※月給には見込み…"
15,HITOWAライフパートナー株式会社 | CMでお馴染み「おそうじ本舗」を運営する急成長企業！,【営業総合職(加盟店開発/加盟店支援/法人営業/人材紹介)】 正社員,正社員,加盟店開発、加盟店支援（SV）、法人営業、人材紹介の中で、ご経験やご希望を考慮の上配属いたします。,＜未経験歓迎！＞◆学歴不問◆20代・30代活躍中！◆スキルアップを目指す方、事業の成長に前向きに取り組んでいただける方は歓迎です！,《以下いずれかへ勤務していただきます。U・Iターン歓迎です！》 ※勤務地は希望を考慮します。 ※高…,"月給27万円〜40万円 ※見込み残業代30時間分／5万400円〜7万4,600円を含む(超過分は別途支給) ※経験・年…"
16,株式会社ワット・コンサルティング | 大阪府緊急雇用対策に賛同★未経験向け研修カリキュラム期間No.1,日本建築を支える【サポートスタッフ】同期と2カ月研修★土日休 正社員,正社員,【学校レベルの研修から！iPadミニ・PC貸与で在宅研修】六本木ヒルズ・赤坂サカスなど有名な建物実績！作業状況のチェックなどサポート業務をお任せ。,【10名単位の同期と安心の研修制度】未経験・第二新卒歓迎 ◎35歳以下★9割以上の先輩が未経験スタート＆8割が文系出身★家具家電付き単身寮も完備♪,☆★全国募集！好きな街に配属！あなたの希望をお聞きします★☆ 北海道・東北・関東・東海・関西・中国…,"月給195,000〜240,000円＋住宅手当＋各種手当 ※経験・年齢を考慮の上、当社規定により優遇します。 ※住…"
17,エスシーエスピー株式会社 | 【東証一部上場セントラル警備保障グループ】*駅チカ案件多数♪,【施設警備・受付】*未経験歓迎*月8～9日休み*賞与年2回* 正社員,正社員,【社内研修からスタート！】◆東京都内の商業施設やオフィスビル、東京都内の駅構内での警備業務をお任せ◆屋内業務がメイン＆力仕事なし,【未経験・第二新卒歓迎/学歴不問/20～30代活躍中】◆「未経験から頑張りたい」「ブランクから復帰したい」≫≫ぜひご応募ください！★面接1回！,【転居を伴う転勤なし／U・Iターン歓迎】 ◆東京都内の駅構内 ◆東京都・千葉県・埼玉県エリアの商業…,月給20万7600円〜 ＋ 各種手当 ＋ 賞与年２回（昨年実績3.3ヶ月分） ※あなたの経験・スキルを考慮の上、…
18,株式会社ホームネット | 【未経験者大歓迎】*業績好調につき10名以上募集*20～30代活躍中,リノベーション物件を扱う【企画営業】*全国募集*月給27万も可能 正社員,正社員,【充実の研修制度で未経験から着実に成長！】◆リノベーションの企画・施工後の販売などをお任せ！★残業は極力しない方針⇒メリハリのある生活を実現,【学歴不問／第二新卒歓迎】◆「住宅やインテリア、リフォームなどに興味あり！」でも応募OK！※宅建の有資格者は優遇(毎月の手当支給あり)！,＼東京積極採用中！／ ★勤務地は希望や住居を考慮 ★東京・名古屋・仙台・広島の拠点で募集！ ■本社…,固定給制　月給23万〜27万円 ◎経験・スキルなどを考慮の上決定します。 ◎試用期間は3か月あり、その間…
19,JAGフィールド株式会社 | 東証一部上場G・キャリアチェンジで生涯現役！オンライン面接可,【施工管理】従業員満足度業界No.1企業で活躍する！ 正社員,正社員,【定着率は９割！】規模もジャンルも様々な建設プロジェクトで施工管理として活躍を！「生涯のキャリア」を考えた業務内容のシフトも可能です！,【40代を超え、生涯のキャリアを考えた転職を歓迎！】※学歴・転職回数・前職の雇用形態すべて不問！◆ジャンル問わず、何らかの施工管理経験者,全国47都道府県のプロジェクト先、またはオフィス ＜事業拠点＞ ◆東北支店 仙台市青葉区花京院1-…,月給37万5000円以上 ※経験・年齢・能力などを考慮して、給与額を決定します。 ※上記金額は40時間分の固…
20,株式会社エストゥルース | 【業界のイメージを一新】★土日祝休み ★ノルマ・飛び込みなし,【不動産営業】未経験から、予想以上の年収UPが叶っちゃう！ 正社員,正社員,【残業はほとんどありません！】◆お客様に投資用不動産(ワンルームマンション)を提案 ★チームであなたを育てます！手厚いサポートで圧倒的な成長を,【20代活躍中】＼不動産の知識一切不要／アパレル販売やルート営業など、異業種から入社した先輩多数！未経験入社3ヶ月で月収100万円を記録した先輩も,★転勤なし ★東京（渋谷駅徒歩10分圏内）と仙台（立ち上げメンバー：2020年10月26日開設）で…,【大卒以上】月給25万円以上＋諸手当＋インセンティブ（最大100万円） 【上記以外】月給23万円以上＋諸手…
21,朝日ソーラー株式会社 | ★月給32万円以上（試用期間中）★魅力的なインセン,【営業職】10月1日より完全週休2日制を導入しました！ 正社員,正社員,"【 太陽熱温水器メーカーの先駆け的存在！ 】自社商品の提案業務をお任せします ※丁寧な研修で2,3ヶ月後にはほぼ全員が月10台前後売れるまでに成長！",【未経験者／高収入を目指したい方歓迎！】◎学歴・年齢不問！異業種出身者も大勢活躍中！ゼロからでも安心してご応募ください。,【9月に宮崎支店を開設しました！】 東京、大阪、愛知、福岡、広島、宮城、群馬、愛媛、熊本、大分、長…,■月給29万円以上+歩合給(販売台数・商品による)＋報奨金＋諸手当 ※3ヶ月間の試用期間あり【月給34万円…
22,積水ハウス不動産東北株式会社 | ◆年休129日／完全週休2日制／資格取得支援,「東北6県の全拠点」で事業拡大による増員！【売買仲介営業】 正社員,正社員,【反響営業メイン／直行直帰OK／地域屈指の物件情報数！】■法人・個人顧客共に不動産売買仲介をお任せします。■仕事は個人裁量で！,【20～40代の男性活躍中！】■短大卒以上 ■要普免（AT限定可）■不動産営業の経験（3年以上）◇宅建保有者は歓迎します！,【東北6県各営業所での募集】 ●宮城県仙台市 ●福島県福島市／郡山市／いわき市 ●山形県山形市 ●…,月給23万9500円以上＋賞与年3回＋諸手当 ※経験・スキルを考慮します。 ※別途インセンティブ支給 ※別途…
23,株式会社日本エコライフ | 《ハワイでの研修等、ユニークな制度があります！》☆残業少なめ,未経験者大歓迎！【総合職】☆研修充実　☆異業種出身も活躍中 正社員,正社員,【手厚いサポートのある環境でイチからスタート】希望や適性を考慮のうえ、「サプライヤー」「クローザー」のいずれかをお任せします。＜研修充実◎＞,【人柄を重視◎未経験・第二新卒・正社員デビューの方も大歓迎！】☆元フリーター、アルバイトなどの方も活躍中☆新しいチャレンジがしたい方は大歓迎,【マイカー・社有車通勤OK／U・Iターンも歓迎！】 《本社》 宮城県仙台市青葉区本町2-2-3 鹿…,月給：21万円〜50万円 ＋ 歩合 ＋ 各種手当 ※経験や能力に応じて、当社規程により優遇いたします。 ※試…
24,楽天モバイル株式会社 | 多岐に渡る分野で70以上のサービスを提供する楽天のグループ会社,【オペレーター】新規コールセンターで大規模採用/年間休日125日 正社員,正社員,新規コールセンターにてオペレーターとしてカスタマーサポート業務(受電・事務など)をお任せします。,高校卒業以上。経験者・未経験者共に歓迎いたします。,宮城県仙台市青葉区中央1-6-28メットライフ仙台駅前ビル,月給21万3750円 ※試用期間3か月(条件変更なし)
25,アトランティス | 《老舗ダイビングショップ》☆東京、仙台、2店同時募集中！,遊びが仕事で 仕事が遊び【ダイビングインストラクター】 正社員,正社員,★ダイビングライセンス発行 ★国内海外リゾートツアーの企画と引率 ★ウエットスーツ等、ダイビング器材の販売,【未経験歓迎】◎未経験でも夢を叶えたい方を応援！（資格取得支援制度あり！） ◎旅行好きな方◎自分も遊びながら働きたい方,◎東京店（銀座）、仙台店 ◎面接は東京と仙台の各店舗で実施します 【東京店】 ●東京都中央区銀座1…,"◆東京店／月給：300,000円〜350,000円　+歩合 ◆仙台店／月給：250,000円〜300,000円　＋歩合"
26,雄健工業株式会社 | 【大阪府緊急雇用対策に賛同】★「国土交通大臣認定メーカー」,立体駐車場メーカーの【法人営業】★未経験歓迎★土日祝休み 正社員,正社員,【既存取引先が8割超！】商業施設や病院、空港などに建てる「自走式立体駐車場」をゼネコンや設計事務所、大規模店舗チェーンなどに企画提案します,【未経験・第二新卒、歓迎！】※業界経験は一切不問！※営業はもちろん、人と接する仕事の経験が活かせます！★転勤ナシ！★土日祝休のメリハリ勤務！,★転勤なし ★U・Iターン歓迎 全国募集【東京・仙台・大阪・名古屋・福岡・熊本・沖縄】 ※勤務地は…,月給25万円〜40万円 ＋ 諸手当【残業手当支給など】＋ 賞与年2回 ※年齢、経験、能力を考慮の上、優遇い…
27,株式会社九州ハイテック | 【 17期連続売上拡大中！大手企業との取引多数で安定経営！】,★年休124日/土日祝休/未経験歓迎★ 特許商品を扱う【法人営業】 正社員,正社員,【 ノルマなし！国際特許を取得したオンリーワン商品だからオススメしやすい！ 】お客様に感動を与える商品・サービスを提案して頂きます。,【応募条件】◎35歳までの方 ◎男女不問 ◎要普免　★未経験歓迎！専門知識や営業スキルは入社後でOK！ 元調理師、アパレル関係の方も活躍中♪,《 第二新卒歓迎！UIターン歓迎！》 希望を考慮し、東京、長野、名古屋、大阪のいずれかへ配属します…,月給23万円〜50万円 ＋ 諸手当 ※上記はあくまで最低給与額です。 　年齢・経験を考慮し決定いたします…
28,株式会社アウトソーシングテクノロジー | SS事業本部ｌWEB面接OK／土日祝休み／残業少なめ／転勤なし,未経験OK！RPA・AI・インフラなど最新技術あり【ITエンジニア】 正社員,正社員,＜最新技術・RPAに携われる＞★注目の最先端技術を扱うエンジニアへ成長 ◆経験者は希望するプロジェクトで活躍！未経験者・経験の浅い方は研修から！,＜学歴・年齢・文理・経験不問＞★ITプロジェクトでの業務経験がある方（分野不問）※未経験者・経験の浅い方も意欲重視の積極採用中です！,＜転勤・転居なし★お住まいからの通勤圏内！＞ ◆東京都千代田区丸の内1-8-3 丸の内トラストタワ…,"◆経験者：月給30万円〜78万円＋各種手当・報奨金 ※上記金額は35時間の固定残業代（月64,015円〜166,425…"
29,株式会社ネクスコ・エンジニアリング東北 | 【残業月平均26時間・年間休日125日・賞与平均4.9ヶ月分】,【土木系技術職】※東北エリア限定募集・UIターン歓迎！ 正社員,正社員,【社会のインフラを支えるやりがいのある仕事です！】◎東北地方の高速道路約1400kmの土木構造物の「保全管理(点検)」「施工管理」「調査・計画」等,【保全管理(点検)、施工管理、調査・計画いずれかの経験者】◎学歴不問 ◎要普通免許（AT限定可）◎有資格者優遇あり(詳細資格は本文を参照),青森県・岩手県・秋田県・宮城県・山形県・福島県の16事業所、または本社のいずれか ※配属先は経験や…,"月給：188,000円〜　＋各種手当 ※経験・年齢を考慮の上、当社規定により優遇します。"
30,株式会社ネクスコ・エンジニアリング東北 | 【残業月平均26時間・年間休日125日・賞与平均4.9ヶ月分】,【電気・通信・機械職】※東北エリア限定募集・UIターン歓迎！ 正社員,正社員,【点検・計画・工事・設備監視などをローテーションで担当します】東北エリアで約1400kmの高速道路の安全を守る、やりがいのある業務です！,【電気工事・設備工事いずれかの経験者】◎学歴不問 ◎要普通免許（AT限定可）◎協調性を持ち、積極的な姿勢で仕事に臨める方を歓迎します！,青森県・岩手県・秋田県・宮城県・山形県・福島県の16事業所、または本社のいずれか ※配属先は経験や…,"月給：188,000円〜 + 各種手当 ※経験・年齢を考慮の上、当社規定により優遇します。"
31,株式会社片平新日本技研 | ◆新東名や新名神、圏央道などの実績多数◆賞与4.0ヶ月以上,【建設コンサルタント総合職】道路・橋梁・交通・保全／技術職 正社員,正社員,＜官公庁案件多数＞◆高速道路や橋梁、交通、都市計画等の各種調査・計画・設計、道路点検・道路保全、更新計画、施工管理など★安心のチーム制,＜未経験者～経験者まで幅広く歓迎＞◆土木・建設系の学科を卒業された方◆高専・短大卒以上　◎経験者はスキルに見合った待遇でお迎えします！,東京本店、東北支店、名古屋支店、大阪支店、中国支店、福岡支店 【住所】 東京都文京区小石川2-22…,■大学院卒　　　月給25.9万円 ■大学卒　　　　月給25.1万円 ■高専・短大卒　月給24.3万円 ※上記は一…
32,日本情報クリエイト株式会社 | 東証マザーズ上場【IT×不動産のリーディングカンパニー 】,【総合職(セールスコンサルタント／システムアドバイザー)】 正社員,正社員,【 業界トップクラスのシェア／土日祝休み 】◎セールスコンサルタント(法人営業)または、システムアドバイザー(導入支援サポート)を担当。,★年休124日★【 第二新卒・業界未経験歓迎(不動産業界の経験・IT専門知識不問) 】◎男女・学歴不問 ◎20～30代の若手、異職種出身者が多数活躍中！,★初任地確約！/直行直帰も可能★ ＜セールスコンサルタント＞ 札幌・仙台・東京・埼玉・名古屋 大阪…,月給20万円〜35万円（一律手当含む） ※月間チームインセンティブあり （試用期間終了後、業績による） …
33,株式会社永昌堂印刷 | 《1913年創業の老舗広告企業》育休・産休の取得実績あり！,★未経験スタート歓迎【広告物の制作補助（写真素材管理など）】 正社員,正社員,【多様な広告を手がける総合広告会社】写真素材の管理・検索、撮影手配、紙面チェックなどの制作補助をお任せいたします◎未経験から成長できます,【年齢・学歴・経験不問】◆組織力強化のため、会社の中核を担う人材を募集 ◎賞与平均3.5ヶ月分支給(2019年度),転勤なし／U・Iターン歓迎 ◆東京支店／東京都中央区日本橋小舟町11-16 東京メトロ「人形町駅」…,本社／月給18.7万円〜21.7万円＋諸手当+賞与年2回（昨年実績3.5ヶ月分） ※経験・スキルを考慮し、上記…
34,豊通鉄鋼販売株式会社 | 【豊田通商グループ】★年間休日125日｜賞与年2回★,鋼材専門商社の【法人営業】※異業種からの転職者が多数活躍中 正社員,正社員,【既に取引のある顧客が中心】鋼材を必要とする企業に対しての提案営業。20～30代を中心に活躍中！豊田通商グループのノウハウが学べます。,◆大卒以上 ◆法人営業の経験がある方（経験年数・業界不問）◆社会人としての基礎力（基本的なPCスキル、ビジネスマナーなど） ◆要普通自動車免許,【名古屋駅より徒歩7分・UIターン歓迎】 ▼本社 愛知県名古屋市中村区名駅四丁目9番8号 センチュ…,"月給210,000円〜340,000円+諸手当 【 年収例 】 400万円〜600万円+残業手当など ※上記は残業手当を含ま…"
35,株式会社総合資格 | 業界トップクラスの実績／平均年収825万円／年間休日112日以上,☆未経験OK！人柄重視☆【提案営業】★昨年賞与実績5.46ヶ月 正社員,正社員,企業や大学、専門学校へ向けたガイダンスのご案内や、資格取得やキャリアアップを考える企業や学校へ向けて『総合資格学院』への入校提案など,【業界未経験者OK！】◎要普通免許 ◎何らかの営業経験のある方 ◎研修制度も充実していますので、経験に関わらず広く募集しています！,【希望勤務地を考慮し、配属いたします！】 北海道、東北6県、栃木県いずれかの教室 ☆希望勤務地は考…,"月給：300,000円〜330,000円 ※年齢、経験、能力を考慮の上、決定します。 ※固定残業手当（4万円〜／24…"
36,大日本コンサルタント株式会社 | 【東証二部上場】官公庁がクライアントなので安定感抜群！,福利厚生充実！まちづくりに幅広く携わる【営業職】 正社員,正社員,国土交通省などの官公庁等を訪問し業務の進捗状況の確認、今後のインフラ整備計画やニーズを調査し、実績を踏まえた提案を行います。,◆短大・専門・高専卒以上 ◆建設・土木業界での勤務経験(施工管理・建設コンサルタント・営業など不問)※ノー残業デー・プレミアムフライデーあり！,仙台市・さいたま市・富山市・名古屋市・大阪市・広島市・高松市・福岡市の拠点で募集中。 【東北支社】…,月給25万円以上＋各種手当 ※前職の年収、年齢や経験を考慮の上、決定します。
37,株式会社アスペイワーク | ☆年休120日以上／産休・育休実績あり／賞与年2回＋特別賞与！,志望動機は『興味がある』でOK！【総合職(コーディネーター等)】 正社員,正社員,【残業少なめ＆帰りにくい雰囲気ナシ！】■「人材コーディネーター」「事務」「営業」のいずれかをお任せ。■ご希望に応じてキャリアチェンジも可能！,【未経験・第二新卒歓迎／20～30代が中心となって活躍中！】■性別不問 ■高卒以上 ■35歳以下の方(※) ☆営業経験をお持ちの方は活かせます！,東京/九州の各拠点 ＜首都圏エリア＞ 新宿本社/東京都新宿区新宿3-3-9 新宿伍名館 8F ※東…,<首都圏エリア> 月給23万〜30万円 ※固定残業代（32時間相当分、5万7427円〜7万4976円）含む。時間超過分…
38,株式会社復建技術コンサルタント | <創立74年>◎土日祝休み/年休120日以上　★地域未来牽引企業★,業界シェア＆働きやすさは東北随一！【建設コンサルタント営業】 正社員,正社員,【維持修繕提案などの営業活動】官公庁を中心とした取引先への訪問、提案活動、入札/契約手続き、受注後のフォローをお任せ。,◎要普免　◆未経験者：30歳以下　◆経験者：何らかの営業、もしくは積算業務経験者※官公庁向け・土木業界での営業経験がある方は大歓迎です,盛岡支店、秋田支店、福島支店のいずれか。 ※勤務地考慮(入社時に基点となる勤務地を選んでいただきま…,月給　22万円〜50万円　＋　各種手当 ※経験・年齢・保有資格を考慮の上、当社規定により優遇します 【…
39,株式会社五十嵐商会 | 《明治創業の宮城のKubota[クボタグループ]》☆研修充実,景気変動に強い安定業種！東北の「食」を支える【ルート営業】 正社員,正社員,【農機具や資材の提案営業】既存顧客中心／農家さんとの関係性重視だからノルマもありません／☆手厚い研修あり◎,【未経験歓迎／異業種出身者が多数在籍！】■35歳以下(※) ■高卒以上 ■要普通自動車免許,宮城県内各拠点／原則転居を伴う転勤なし 仙台営業所／宮城県仙台市若林区 仙台南営業所／宮城県名取市…,"月給：18万5,000円〜25万円 ＋ 諸手当 ※上記月給は基本給となります。上記金額に時間外手当、各種手当…"
40,株式会社エンシア | 【急成長中のベンチャー】自社サービスにも挑戦する広告代理店！,過去は不問！求人サイトの【広告営業】12時出勤/年休120日以上 正社員,正社員,U/Iターン歓迎！【挨拶から学ぶ！経験豊富な先輩から営業ノウハウを習得】人材が欲しい企業などに求人広告を提案★嬉しい毎月のインセンティブあり！,【学歴・経歴不問！夢や目的・挑戦意欲など、変わりたい気持ちを尊重します】◆29歳以下の方★創業期メンバーの募集★半年~1年で部下をもてるチャンス,＊--アクセス抜群！『西新宿駅』徒歩3分・JR『新宿駅』徒歩8分--＊ ※東京都新宿区西新宿7-2…,東京：月給:26万円〜60万円＋インセンティブ（実績に応じて毎月支給） 東京外：月給：23万円〜60万円＋イ…
41,岩田地崎建設株式会社 | 《 9連休取得も可能》エリア限定採用！本人の望まない転勤なし！,＜北海道／東京／大阪／東北＞勤務【 施工管理(建築・土木)】 正社員,正社員,《都市の再開発、次世代交通インフラの整備など、幅広い分野の現場が進行中！》経験や希望に応じて建築、または土木の施工管理をお任せします！,◎施工管理の経験者 ◎向上心のある方 ◆施工管理技士(建築・土木・電気工事)、建築士、技術士の有資格者は優遇！取得を目指したい方も歓迎！,◎U・Iターン歓迎 ◎現場へは直行直帰となります 【北海道本店】北海道札幌市中央区北2条東17丁目…,"月給220,000円〜＋手当＋賞与年2回 ※東京・大阪支店は都市手当あり ※修士了の場合、月給240,000円〜 …"
42,株式会社ウィルオブ・コンストラクション | 満足度94％の少人数制オリジナル研修あり！20代男性活躍中★,未経験でも月給21~30万円【プロジェクト管理スタッフ】賞与年2回 正社員,正社員,【未経験から大規模プロジェクトに携われる】建築・建設現場のプロジェクト管理や事務等、まずは施工管理技術者のサポートをお任せ☆1都3県の案件あり,【学歴不問/第二新卒歓迎】☆一生モノのスキルが身につく☆◆35歳以下 ◆簡単な文字入力程度のPCスキル《無料社宅・帰省手当など福利厚生も充実》,《転勤なし&勤務地は全国47都道府県！》☆無料社宅あり 北海道 青森、岩手、宮城、秋田、山形、福島…,"◆関東：月給25万円〜30万円(固定残業代46,000円〜55,000円／30時間分含む) ◆中部・関西：月給24万円〜…"
43,ヘイ株式会社 | 正社員登用実績有★70億超の資金調達★すごいベンチャー100選出,<仙台限定>メール・電話対応等の【受付事務スタッフ】★完休2日 契約社員,契約社員,【研修＆教育体制も抜群！】コロナ禍で需要拡大！今、注目のECサイト作成サービス『STORES』を始め、当社Webサービスの運営サポート業務をお任せ,<20～30代が活躍中！>◎基本的なPC操作スキル◎ビジネスメール作成 ★「SNSが好き」「ネットショッピングが好き」など、あなたの『好き』が活かせます,【転勤ナシ／勾当台公園駅より徒歩5分♪】 宮城県仙台市青葉区国分町3丁目1-11 定禅寺通スクエア…,【月給】25万円〜 ※経験・能力に応じて当社規定により優遇します。 ※試用期間3ヵ月あり(給与の変動な…
44,株式会社YKP建築設計コンサルタント | ★雄健工業グループ/大阪府緊急雇用対策に賛同 ★中途入社率95％,【設計スタッフ】★未経験入社も多数 ★年休123日 ★土日祝休み 正社員,正社員,◆大型商業施設や空港、病院などの自走式立体駐車場のほか、駐車場付き大型施設・店舗・ショールームなどの建築・意匠設計をお任せします。,＜第二新卒歓迎・学歴不問・実務未経験歓迎！＞ ◆建築・設計の基礎知識がある方（学校等で設計を学んだ方・CADオペ経験者歓迎）★研修充実,★転勤無し・U/Iターン歓迎★ ※勤務地は希望を考慮します！ ※広島はオープニングメンバーの募集！…,経験者：月給25万〜45万円 未経験者：月給20万〜25万円 ※前職の給与を最大限考慮します！ ※経験・年齢…
45,税理士法人 財務プランニング | 《総クライアント数・宮城トップクラス！》☆未経験者OK！,知識や経験を積み人生を豊かに！【税務アシスタント】☆転勤なし 正社員,正社員,クライアントとなる地場企業に訪問し、申告業務や巡回監査などをお願いします。★社内研修や月1面談など、フォロー体制も整っています！,【営業経験をお持ちの方を歓迎！】◎要普通免許 ◎税理士事務所での経験をお持ちの方は優遇！ ★人柄重視！収入やスキルアップをめざす方必見です！,【転勤なし／U・Iターン希望者歓迎】 ■本社 宮城県仙台市青葉区錦町2丁目4番13号 サンライズビ…,"月給：220,000円〜500,000円 ※経験や能力やスキルを考慮し、当事務所規定により優遇いたします ※上記給…"
46,株式会社和建 | 設立54年！全国トップクラスのシェア＆安定基盤！残業ほぼなし！,街づくりを支える建設資材を提案する【ルート営業】年休約125日 正社員,正社員,既存のお客様に対して、仮設資材のレンタル・リース・販売などを提案するルート営業です。★入社後はビジネスマナーから学べる研修を用意しています！,【先輩も全員が未経験からのスタート！】◎意欲重視の採用です！接客や販売員など様々な経歴を持つ社員が在籍！20・30代の若手も活躍中です。,大阪・千葉・福岡で積極採用中！ 大阪（本社）、千葉、愛知、香川、福岡、広島、宮城のいずれかに配属。…,月給22万円〜32万円 ※経験・能力・年齢を考慮の上、優遇いたします ※試用期間6ヶ月
47,NSK株式会社 | 安定のプラスグループ/年120休(基本土日祝休)/モバイルワークOK,企業を支えるITインフラ、内装設備を構築 【施工管理スタッフ】 正社員,正社員,【お休み充実♪】オフィスビルや商業施設などのネットワークの設計・構築・施工管理業務をお任せします。★直行直帰＆モバイルワークOK！,【あなたの経験・スキルを高く評価します】応募条件／インフラ設計・構築や施工管理の経験者(目安3年以上) ★要自動車免許(AT限可)★,※ＵIターン歓迎♪東京・仙台・名古屋で大募集！ 希望の勤務地を考慮し配属します！ ■東京本社 東京…,月給28万円〜50万円＋手当＋賞与年2回（昨年実績3.2ヶ月分） ※経験・年齢・スキルを最大限に考慮し、当…
48,株式会社ビービーシー | <コロナの影響なし！安定成長中>★有休取得率87％,ニーズ拡大中☆自社パッケージソフトの【提案営業】☆土日祝休 正社員,正社員,<反響営業がメイン>社会福祉協議会、行政などの公的機関へ当社の『地域後見システム』を提案。販促から営業・納品後の導入支援まで幅広く携われます！,<業界経験不問>◆Word・Excel・PowerPointスキル◎成年後見や相続への興味・関心、法律知識を身に付けたい方◎お客様の役に立つ商材を提案したい方等,【転勤なし／U・Iターン歓迎】★西新宿駅直結！ 東京本社／東京都新宿区西新宿6-5-1 新宿アイラ…,月給28万円〜50万円＋諸手当 ※年齢、経験、能力を考慮の上、優遇します。 ※試用期間3ヶ月、その間の待…
49,株式会社キャリアマート,20代活躍中！中途採用に関する【提案営業】＜年間休日121日＞ 正社員,正社員,20代活躍！中途採用に関する提案営業＜年間休日121日＞,＜人柄重視＞営業経験・業界経験は不問です！,・東京本社 東京都新宿区西新宿7-3-4 アソルティ西新宿ビル5階 ・仙台BPOセンター 宮城県仙…,"月給25万円以上＋インセンティブ(業績連動) ※みなし残業代（35時間分：53,200円以上）を含みます。 　時…"
50,佐川印刷株式会社 | ◇創業50年◇大手物流会社・上場企業と多数の取引実績あり◇,紙媒体の印刷を軸に様々なメディアを扱う【営業】★勤務地別採用 正社員,正社員,パンフレットなど紙媒体の印刷物を軸にWebや映像、文具・備品・ノベルティ―・リアルイベントなど、企業の広報に貢献するソリューションの提案,【学歴・経験は一切不問】◆第二新卒OK！企業コミュニケーションや情報発信に携わってみたい方、広告・印刷に興味がある方は歓迎◆要普免（AT限定可）,《札幌、仙台、盛岡、秋田、新潟、横浜、小牧、金沢で積極的採用中！》 ※希望を考慮の上、いずれかに配…,月給20万円以上 ※試用期間6ヵ月あり(条件同一) ※残業代は別途支給します（実計算） ※能力・経験を考慮…
51,株式会社東北システムズ・サポート | ≪オフィス駅近＆年間休日120日＆フレックスタイム制導入≫,システム開発【SE】◎月残業20時間◎プライベートも充実 正社員,正社員,【ニアショア開発・自社内開発案件が増加中！】◎汎用機系／Web系／オープン系の開発業務 ◎インフラ構築及び各種設計・サーバー構築 など,【システム開発の経験がある方を募集(言語等不問)】◎PMにむけスキルアップしたい方は大歓迎！◎フォロー体制万全！チームを意識できる環境です,【盛岡・仙台・東京での勤務】 ※希望勤務地を考慮いたします ※盛岡/仙台への転勤が発生する場合もあ…,"（1）仙台、盛岡 月給:201,000円〜247,100円 （2）東京 月給:271,100円〜317,100円 【月収例】 （1）22…"
52,株式会社スポーツフィールド | 東証マザーズ上場◆スポナビ◆WEB面談も実施中◆全国で積極採用,スポーツ人財に特化した【キャリアコンサルタント】★未経験歓迎 正社員,正社員,人財コーディネーター（法人営業／キャリアアドバイザー）として、法人・個人双方へのコンサルティング業務をお任せいたします。,＼＼未経験・第二新卒歓迎／／【応募条件】◆大卒以上◆35歳までの方(※) ◇スポーツへの思い入れがある方大歓迎！人柄重視のポテンシャル採用です。,◇全国にあるいずれかのオフィス【すべてのオフィスが駅徒歩10分以内！】 詳しいアクセスはこちら ⇒…,"月給:25万円〜 ※内訳 基本給:184,900円〜＋固定残業手当:65,100円〜（月45時間分） 超過した時間外労働…"
53,株式会社四季工房 | 【技術力と品質で勝負】お客様を第一に考えて仕事ができます,スキルを磨いてキャリア形成【建築施工管理】※経験者募集 正社員,正社員,【お客様の理想をカタチにする仕事です】◎木造住宅の施工管理として、打ち合わせや現場管理等を担当 ※営業・設計とチームで取り組みます,【木造建築の高い技術を身につけられます】◎建築施工管理の実務経験がある方(年数不問！経験の浅い方もOK) ※有資格者は優遇します,【東京・栃木・宮城・福島(郡山/福島)いずれかの配属】 ※U・Iターン歓迎！配属は希望をお聞きのう…,■月給23万円〜40万円 ※経験、年齢等を考慮し当社規定により優遇します ※上記は残業の有無に関わらず固…
54,株式会社ピーアール・デイリー | 代理店事業部【DACグループ】 【創立50年以上の歴史と安定性】,【営業アシスタント】急募11月～勤務OK／未経験歓迎／年休120日 正社員,正社員,お取引先の広告代理店様からのお問い合わせ対応（電話・メール）、広告掲載のお申込み・原稿管理、クライアント管理など。,【短大・大卒以上】◆未経験・第二新卒大歓迎◆20代活躍中／人物重視の採用を行っています！,★★転勤はありません！★★ 本社／東京都台東区東上野4-8-1 TIXTOWER UENO　15F…,月給25万円以上 ※上記月給額は一律支給の固定残業代 　（3.5万円以上・月22時間分）含む 　該当時間を超…
55,株式会社三技協イオス | 三技協グループ◆「はやぶさ」「みちびき」にも参加◆定着率90％,社会インフラを支える【ネットワーク/通信エンジニア】*未経験OK 正社員,正社員,【研修充実／テレワーク実施中】★自治体・官公庁・学校・通信キャリアなど、公共性の高いネットワークの設計・構築、運用・保守などをお任せします,＊20代活躍中＊【未経験OK／全国7拠点で募集】《未経験者⇒》35歳まで《経験者⇒》無線・ネットワーク設計・構築、保守・運用の実務経験をお持ちの方,横浜本社はじめ全国の営業所・出張所募集（大阪、埼玉、北海道、仙台、愛知、広島、福岡） 【本社・関東…,【未経験者】 月給:20万円〜 【経験者】 月給:25万円〜40万円 ※あなたの経験・スキルなどを考慮した上…
56,株式会社四季工房 | 【技術力と品質で勝負】お客様を第一に考えて仕事ができます,こだわりの家づくりに携わる【木造住宅営業】※未経験者歓迎 正社員,正社員,【完全反響営業】◎展示場やショールームにお越しいただいたお客様へ、新築住宅・リフォームのご提案 ※飛び込みや訪問販売は一切ありません,【未経験者歓迎！「一生もの」の仕事に携わりませんか？】◎第二新卒・異業種からの転職も歓迎します ◎要普免(AT可),【東京・栃木・宮城・福島(郡山/福島)いずれかの配属】 ※U・Iターン歓迎！配属は希望をお聞きのう…,■月給23万円〜40万円 ※経験、年齢等を考慮し当社規定により優遇します ※上記は残業の有無に関わらず固…
57,株式会社 ＨＡＬ | ★WEB面談応相談 ★リモートワーク可 ★北海道/名古屋積極採用中,【ITエンジニア】★業界高水準の待遇 ★契約額の80％を還元 正社員,正社員,"＜案件はあなたの経験と希望を考慮＞経験やスキル・目標に応じた開発プロジェクトやインフラ案件など ""やりたい仕事""に挑戦！★残業少なめ ★転勤なし",＜経験が浅い方～経験者まで幅広く募集！＞ ◆IT業界経験者の方 ※経験1年程の方も経験者として最大限評価します！(スキルチェンジも大歓迎！),《会社都合による転勤は一切なし！》 ☆本人のご希望・居住地を考慮し、案件をご案内します！ 是非ご相…,≪関東・関西・東海エリア≫ 月給35万円〜(開発経験5年以上) 月給30万円〜(3年以上) 月給27万円〜(3年未…
58,株式会社キョウデン | 東証二部上場の安定基盤のもと産業を支えるプリント基板メーカー,IoTやAI、5Gなどを支える【法人営業】 ◎未経験・第二新卒OK 正社員,正社員,家電から自動車、医療機器まで、さまざまな電子機器に欠かせないプリント基板の営業です。お客様が必要とする製品をオーダーメイドで企画提案します。,≪経験不問：未経験の方、第二新卒の方、大歓迎！≫ ◎年齢35歳以下 ◎要普通自動車免許（AT限定可） ※「基板って何？」という方でも心配無用です！,仙台・さいたま・東京・横浜・名古屋・ 静岡・長野・富山・大阪・広島の各営業所 ※勤務地希望を考慮の…,"月給20万8,400円〜36万7,700円 ※業務経歴・経験、年齢等により処遇を決定します。 ★上記には営業手当…"
59,株式会社キャリアマート,コールセンターの設計～運営までお任せ★【運営管理・SV】正社員 正社員,正社員,コールセンターのSV・管理者として設計～運営まで幅広い業務をお任せします★責任も裁量も多岐にわたるので沢山のやりがいがありますよ♪,コールセンター管理者・SV・営業いずれかの経験（雇用形態不問）または、コールセンター就業経験（3年以上）。,★勤務地★ 宮城県仙台市青葉区一番町3-3-20 東日本不動産仙台一番町ビル5階 ★周辺の環境★…,"月給25万円以上+インセンティブ（業績連動） ※上記、月給金額にはみなし残業（35時間分：53,200円）を含…"
60,全国保証株式会社 | 【東証一部上場】未経験歓迎/年休120日以上/19:30完全退社を徹底,◆安定企業の【総合職（保証審査・債権管理・営業等）】 正社員,正社員,【当社メイン事業の住宅ローンに関する業務全般をお任せ】20～30代の若手を中心に、幅広い知識や専門性を磨きながら活躍中！入社後の導入研修も充実！,【◆大卒以上】◆業界未経験の方もポテンシャル採用を行っています。※業界経験がある方は尚可,■本社・全国にある各支店 ◆本社・本店 千代田区大手町二丁目1番1号 大手町野村ビル19階/22階…,■月給25万円以上 ＋ 諸手当 ＋ 賞与年2回 ※経験・能力によって決定致します。 ※時間外手当全額支給（…
61,株式会社ＯＮＥ | 名古屋支社＃完全週休2日（年休120日） #連続黒字経営の安定企業,名古屋限定採用【法人営業】求人広告で企業様と求職者を結ぶ♪ 正社員,正社員,★求人広告（中途・アルバイト・新卒等）をメインとした営業活動をはじめ、各企業様に合った”課題解決”につながる提案をお任せします。,＜学歴不問◇年齢30歳まで◇男女不問＞学歴、経験問わず人物重視で積極採用致します。やってみたいの気持ちが大事。,【”転勤”あり or なし を選べる】 ＼ＩＵターン歓迎◇丸の内駅徒歩2分／ 【名古屋支社】 愛知…,【月給25万円 or 月給23.5万円スタート！】 ※総合職／エリア総合職に関しましては、 　”選択性”とな…
62,トランスコスモス株式会社 | 【東証一部上場】◎WEB面接可 ◎年休121日 ◎福利厚生充実,成長中の拠点で新たなキャリアをスタート！【運営管理】未経験OK 正社員,正社員,"【""""初めての転職""""という方も活躍できる、手厚いフォロー体制！】◎管理職としてマネジメントや運営業務を中心に担当※早期キャリアアップも可能です",【未経験者歓迎】☆20～30代の若手が中心となって活躍しています ◎リーダーや店長など人をまとめた経験、折衝や調整などの対人業務経験を活かせます,【仙台駅周辺の3拠点いずれかの勤務】 ※どの拠点も仙台駅近くの好アクセス！ ◎宮城県仙台市宮城野区…,月給20万3500円〜36万5000円＋賞与年2回 ※年齢、経験、能力を考慮の上、優遇します。 ≪経験がある方へ…
63,株式会社エス・ピー・ネットワーク | 産育休～復帰の実績あり ★連休取得可能 ★プライベートも充実,コスメショップ・施設などで活躍！【店内巡回・保安スタッフ】 正社員,正社員,【1～6ヵ月の研修で未経験スタートでも安心♪】店舗で商品ロスを未然に防ぐ環境作りの提案や定期巡回業務、保安業務などを担当◎キャリアパスも多彩！,【未経験者歓迎】★20～50代の幅広い年代＆女性活躍中★大半が異業種からの転職者★ショップスタッフ・店長などの経験も活かせる,【交通費全額支給】★直行直帰です！ <勤務地一例> 東京都千代田区/東京都中央区/東京都渋谷区/東…,■月給22万円〜30万円（時間外・深夜手当別途支給） 東京・神奈川・埼玉・千葉 ■月給20万円〜30万円（…
64,株式会社ウェヴァード | 新拠点も開設する成長企業★年休125日/土日祝休/売上を毎月還元,働きやすさ定着*残業月平均10h*スキルを磨ける【Webデザイナー】 正社員,正社員,【顧客窓口なし！デザイン+コーディングができる貴重なクリエイターに！】企業・エステサロンなどのHPをお任せ★iMac27インチなど作業環境も充実！,【担当案件の売上を毎月還元⇒平均6万円支給！最大10万円以上の実例有】◎Webデザインまたはコーディングの経験者★経験浅い方も意欲あれば歓迎！,【東京・仙台・福岡・名古屋で募集！】 ★名古屋積極採用中！ ※希望しない転勤は原則ありません 【東…,月給25万円以上＋インセンティブ ※勤務地、経験や能力などを考慮し決定します。 ※インセンティブは実績…
65,リスパック株式会社 | 食品包装容器メーカー★全国に11の販売拠点★4ヶ所の自社工場,★未経験OK★【 営業企画 】賞与実績4.8ヶ月／年間休日113日 正社員,正社員,【 「 こんなことで困ってるんだ… 」お客様の課題をパッケージ提案で解決！ 】　お客様と二人三脚で、理想のパッケージをカタチにしていく仕事です。,【 ★営業・接客経験が活かせます★ 】　想いをカタチにできる仕事、クリエイティブな仕事に挑戦したい！そんなあなたにオススメ★,【 東京支店勤務 】 東京支店 東京都中央区日本橋馬喰町1丁目6番7号 ▼アクセス 総務本線「 馬…,【 月給20万8100円〜26万4200円+諸手当 】 ※基本給は、年齢に応じて決定いたします。 ※試用期間：3ヶ…
66,オフィスコム株式会社 | PLUSグループ／自社製品・直販サイトの連携で13期連続売上UP,100％反響型【オフィス家具や内装のプランナー】★大阪募集 正社員,正社員,【100％反響型の提案＊綺麗なショールームもあり♪】オフィスの内装や家具をご提案し、快適なオフィス空間を創り出す仕事です。,《未経験者歓迎》35歳まで／経験・学歴不問　◎アイデアを活かせる仕事に興味がある方、人に喜んでもらえる仕事がしたい方◎20～30代活躍中,■大阪支店 大阪府大阪市中央区大手前1-7-31　OMMビル1F・B1F ※転居を伴う転勤は原則ご…,月給 21万7000円〜35万円 ※経験・能力を考慮の上、当社規定により優遇します。 ※上記の金額には固定残…
67,株式会社MAYA STAFFING | 【仙台限定募集！】★完全週休二日 ★月給23万円～ ★転勤なし,新設部署で新たなチャレンジをスタート【コールセンター管理】 契約社員,契約社員,★成長中のため早期キャリアアップ可能！【新プロジェクトの立ち上げにも参加！】◎コールセンターの管理・運営を担当 ※段階を経てステップアップ！,【経験者・未経験者共に募集】◎コールセンターを少しでも経験したことがあれば尚可！ ◎事務処理力の高い方、リーダーシップを活かしたい方は歓迎！,【転勤なし ★仙台駅近くの好アクセス！】 ◎東北支店 宮城県仙台市青葉区中央2-8-13 大和証券…,月給：23万円〜30万円 ※経験、年齢、スキルなどを考慮し、当社規定により優遇します ※上記には残業の有…
68,株式会社ケーネス | 官公庁の元請案件ほぼ100％★土日祝休★年休127日★残業20h程度,＼国交省・内閣府等から直接受注／ 【電気通信設備の点検/保守】 正社員,正社員,災害から安全を守る【官公庁の元請として防災情報システムの点検・保守】電気・通信・ネットワーク設備など総合的なスキルがつく★将来は現場管理者へ,"【経験者優遇/20代中心】◎高卒以上◎要普免 ○電気/電子/情報系を専攻していた方or電気通信工事施工管理技士,陸上特殊無線技士等の資格保有者",【エリアをまたぐ転勤なし】 ★ご希望を最大限考慮した配属を行います ★リモートワーク・直行直帰など…,【月給20.5〜26.8万円】 ＋賞与年2回(実績4.5ヵ月分) ＋残業代100％支給 ＋各種手当 ※年齢、経験、能力…
69,株式会社こども体育研究所 | ☆こどもたちの「生きる力」を育む専門機関☆未経験歓迎,幼稚園・保育園の【体育講師】☆こどもたちと楽しく一緒に成長！ 正社員,正社員,【体育の先生として指導】幼稚園・保育園にて、こども（２歳～小学生）に「運動遊び」を中心にこども体育の指導を行います ★日々感謝される仕事♪,【未経験の方、教員免許がない方も歓迎】◆大卒以上　◆30歳まで　◆こどもが好きな方、運動が好きな方、歓迎！ ★年間休日115日以上,★全国の各拠点で積極採用中★ ※勤務地は希望を考慮いたします。 ◆東京都文京区本郷3-43-16-…,"〈専門職A※有資格者〉 月給250,000円（一律手当含む） ※経験・年齢・能力を考慮のうえ、決定します。 …"
70,株式会社DHOLIC FBL | CREE`MARE by DHOLIC/完全週休2日・有給取得率90％～・賞与年4回,【ショップマネージャー(店長、サブ店長候補)】オープニング募集 正社員,正社員,【20代女性活躍中】ショップマネージャーとして店舗運営をお任せ。将来的にエリアマネージャーやメイクトレーナー・バイヤーなど多彩なチャンスあり！,【経験者必見／話題の韓国コスメセレクトショップ】※新店舗をイチから創り上げ、韓国コスメの魅力を発信してきたい方お待ちしています！,【★オープニングメンバーとして活躍/転勤なし★】 希望と現在の居住地をもとに 仙台、東京、京都いず…,■月給22万円〜30万円 ＋ 賞与 ※経験・能力・スキルなどを考慮の上、 　決定いたします。面接時にこれ…
71,オフィスコム株式会社 | PLUSグループ／自社製品・直販サイトの連携で13期連続売上UP,【オフィス家具や内装のプランナー】◆東京限定◆年間休日126日 正社員,正社員,【100％反響型の提案＊綺麗なショールームもあり♪】オフィスの内装や家具をご提案し、快適なオフィス空間を創り出す仕事です。,《未経験者歓迎》35歳まで／経験・学歴不問　◎アイデアを活かせる仕事に興味がある方、人に喜んでもらえる仕事がしたい方◎20～30代活躍中,■秋葉原支店 東京都千代田区神田須田町1-12山萬ビル1F ※転居を伴う転勤は原則ございません,月給 21万7000円〜35万円 ※経験・能力を考慮の上、当社規定により優遇します。 ※上記の金額には固定残…
72,アイテック株式会社,【大手企業での一般事務（管理部門）】※残業ほぼなし！土日祝休 正社員,正社員,管理部門での一般事務を中心に管理事務補助およびアシスタント業務をお任せします。,◆大卒以上◆20代後半～40歳位までが活躍中！◆,■大阪市北区梅田3丁目3番10号　梅田ダイビル6F/本社,"■月給185,000円〜195,000円"
73,エヌ・ティ・ティ・コミュニケーションズ株式会社 | NTTグループのICTカンパニー◇第二新卒歓迎(メンバーシップ採用),DXの最前線で活躍する【総合職(ITエンジニア・営業)】※35歳以下 正社員,正社員,ICTエンジニア、セールス等、幅広くキャリアを積んでいただき専門性を高めていただきます。※希望・適性を考慮【ジョブローテーション制度あり】,◎35歳までの方 ◎IT業界でのエンジニア経験(プログラム/開発/インフラ構築)や営業経験を活かせます。【未経験・第二新卒歓迎】,本社：東京 国内拠点：15ヶ所（北海道、宮城、新潟、東京、埼玉、長野、石川、静岡、愛知、京都、大阪…,"月給21万4,870円以上 ※経験・能力などを最大限考慮して決定します。 ※試用期間：4ヶ月(給与の変更なし…"
74,株式会社BEELEAF | エンドユーザーと継続的なシステム開発を武器に安定基盤を形成中,事業立ち上げにも参加【ソリューション営業】土日祝休・転勤なし 正社員,正社員,【導入実績を武器にIT提案！】◎システムや商品の企画提案からパソコン指導までさまざな課題を解決,★WEB面接実施中★【IT業界の知識は不問です】◎何かしらの営業経験がある方(業界不問) ※IT業界経験者は歓迎します！,【転勤なし】 ◎宮城県仙台市青葉区大町1丁目2-1 ライオンビル6階 ※お客様先によって車の運転を…,月給：20万円〜30万円＋各種手当 ※経験・スキル・年齢に応じて当社規定により優遇 (最低保証額は立ち上…
75,株式会社アスク | 東証一部上場・株式会社CVSベイエリアの100％出資グループ会社,【経理】◆残業月10h以下／月給27万円以上／転勤なし＆銀座勤務 正社員,正社員,本社並びにグループ会社の経理業務全般に携わります ◆経験やスキルに応じた業務からスタート ◆より専門的な業務へ段階的にステップアップできます,【学歴不問・業界未経験歓迎】経理や経理事務の実務経験がある方 ◆転勤なし＆銀座にある本社勤務 ◆残業基本なし,【本社】 東京都中央区銀座8-14-14 銀座昭和通りビル3階 ※転勤はありません。,月給27万700円以上 ※上記には月20時間分（3万5700円以上）のみなし残業代を含みます。 20時間を超過した…
76,株式会社BEELEAF | エンドユーザーと継続的なシステム開発を武器に安定基盤を形成中,小規模オーダーメイド開発・上流工程にも携われる【SE・PG】 正社員,正社員,【幅広い要求に対応】◎エンドユーザーの幅広い要求に合わせたオーダーメイドシステムを構築※スキルに応じて業務を担当します,【WEB面接OK】◎Java、C、C++、.NET系（C#、VB）いずれかを用いた開発経験(経験年数不問) ※未経験の方もご応募ください,【転勤なし】 ◎宮城県仙台市青葉区大町1丁目2-1 ライオンビル6階 ※仙台市営地下鉄「青葉通一番…,◎経験者 月給：21万円〜40万円＋各種手当 ※経験・スキル・年齢に応じて当社規定により優遇 ◎未経験者…
77,表示灯株式会社 | ＜広島・仙台・静岡採用＞創業53年/土日祝休/残業月20H以下,駅などにある案内板の【広告営業】*年休126日・未経験歓迎 正社員,正社員,＼導入実績トップクラスだから売りやすい!!／駅の改札付近や市役所、病院などに設置されている周辺案内図「NAVITA」への広告掲載をご提案します。,＼学歴・経験不問!!社会人デビュー・第二新卒歓迎／広告業界に興味のある方歓迎、業界問わず営業経験のある方は優遇します。※要普免（AT限定可）,◆広島支店・仙台支社・静岡支店勤務 ◆勤務地は希望を考慮/U・Iターン歓迎 広島支店 └広島県広島…,"月給18万4,700円〜31万6,700円＋インセンティブ（営業成績による）＋各種手当 ※経験・年齢・スキルを考…"
78,株式会社シーエー・アドバンス | サイバーエージェントグループ,【Web広告のディレクター】★未経験・第二新卒歓迎★年休125日 契約社員,契約社員,【服装自由！社内にはマッサージルームもあり◎】■Web広告がサイトに掲載されるまでのディレクション業務をお願いします。,<職種・業種未経験、第二新卒、フリーター歓迎>◆学歴不問◆接客・販売などの「人と話す」経験が活かせます！,沖縄県那覇市おもろまち1-1-12 那覇新都心センタービル5F ★転勤なし ★U・Iターン歓迎！…,"月給:182,000円〜250,000円 ※経験・年齢・能力等を考慮の上、決定いたします。 ※上記金額には46時間分(…"
79,アイリスオーヤマ株式会社 | 成長を続ける「家電・生活用品・食品の総合メーカー」,【営業系総合職(新規開拓／ルート)】20～30代活躍中！ 正社員,正社員,家電/LED照明/業務用家具/食品/日用品/雑貨等、多様な領域の商材を扱います。 商材・販路により【新規開拓営業/ルート営業】のいずれかを担当します。,■要普免(AT限定可/社有車の運転あり) ■基本的なPCスキル ■法人営業の経験者 ■売上計画に強くこだわった営業活動を行っていた方,全国営業所のいずれか ◆勤務地のご希望は考慮します ◆U・Iターン歓迎！ 北海道札幌市 宮城県仙台…,"初年度年俸 400万円〜650万円 ※年俸には＜月25時間分＞の＜固定残業代50,000円〜＞含む。 　超過分は別…"
80,株式会社ＯＮＥ | （オーエヌイー）,【求人広告の提案営業】経験を活かして報酬ゲット◆粗利全額支給 業務委託,業務委託,法人企業に対する求人広告（転職・新卒・アルバイト）の企画提案営業,求人広告の法人営業経験者 ※実務年数は不問,全国のクライアントへ直行直帰可（本社への出社は不要です） ＜面談地＞ 東京都新宿区新宿4-3-25…,◆マージン制（完全歩合） 例えば、200万円売上げた場合、 100万円程度の報酬が支払われます。 ＜報酬の…
81,株式会社ＯＮＥ | （オーエヌイー）*この求人広告を創る会社*20代～30代活躍中！,【パートナー営業】未経験・第二新卒歓迎◆代理店様への販売促進 正社員,正社員,パートナー企業（販売代理店様）の売上拡大のためのマネジメント、販売促進活動、ご提案、フォロー業務、営業同行などをお任せします。,【学歴不問・35歳までの方】営業未経験・第二新卒歓迎*求人広告、人材派遣・紹介、採用代行など人材業界で営業経験をお持ちの方はスキルを活かせます,【東京本社】 東京都新宿区新宿4-3-25 TOKYU REIT新宿ビル4階 「新宿三丁目駅」徒歩…,【月給25万円or月給23.5万円スタート！志向に合わせて働き方が選べます！】 ■総合職（転勤の可能性あり…
82,株式会社夢真 | ★研修でゼロから学べる ★ボーナス年2回 ★最短内定5日★,★東北/北海道限定募集【プロジェクトアシスタント】月給25万円~ 正社員,正社員,【充実研修あり!】スケジュール管理やプロジェクトに必要な資材や予算の管理などの管理業務のアシスタントをお任せ。男性多数活躍中！,【未経験者歓迎】フリーター・初めての転職の方・正社員デビューも大歓迎！◎応募時に志望動機や自己PRの記入欄はありません★20代若手活躍中！,★北海道・東北エリアいずれかのプロジェクト先 ★好きな街で長く働けます！ ★U・Iターン歓迎！ ＜…,月給25万円〜 ※上記には30時間分/4万3000円〜の固定残業代を含む ※残業時間超過分は別途支給。 ※試用…
83,日本エアーテック株式会社 | 東証一部上場★大学や医療機関などで使われる機器の専門メーカー,【一般事務】転勤なし！平均賞与4.9ヵ月・土日祝休★女性活躍中 正社員,正社員,<ワークライフバランスの良さは抜群です♪>◆一般的な営業事務業務（電話・来客対応、伝票処理、入金確認等）を通じて、営業部を支えてください！,【女性活躍中！髪型自由／ネイルOK】◎学歴不問◎基本的なPCスキル(Excel／Word)をお持ちの方◇営業事務経験者優遇◆平均賞与4.9ヵ月◆土日祝休,【東京本社への配属】 ※基本的に転勤はありません。 ※I・Uターン歓迎！ 【本社】 東京都台東区入…,月給／18万円以上 ※年齢・経験・前給などを考慮の上、決定いたします。 ※試用期間（3ヶ月）あり。その…
84,株式会社イチケン | 東証一部上場★イオン等をトータルプロデュースする総合建設会社,商業施設～大型マンション等、多彩な案件に携われる【施工管理】 正社員,正社員,【スキルを磨ける環境】大規模な商業施設/ビル/マンション等、多種多様な施設・建築物の施工管理業務をお任せ。当社独自の技術・ノウハウを習得可能！,◎「何らかの施工管理経験者」または「建築系・設備系学科を卒業された方」 ★前職給与を考慮し、待遇面を決定します ★年間休日115日,希望や居住地を考慮のうえ、全国の各拠点に配属します。 ※初回配属地からの転勤は原則ありません。 ★…,"月給25万6,000円以上 【月収例】月収43万3,060円／32歳（主任職）／経験8年／東京勤務、既婚、時間外40h…"
85,"株式会社シグマックス | ""東証一部上場 協和エクシオグループ""★第二新卒採用スタート★",【通信技術スタッフ】★未経験歓迎／年間休日120日(土日祝)★ 正社員,正社員,【同期と一緒に、半年間の研修で基礎知識を習得！】通信ネットワーク(電話・インターネット等)が安定的に繋がるように施工・保守などを担当。,ゼロから手に職を！<未経験・第二新卒歓迎＞◎定着率9割以上！ ◎25歳まで* ◎明るく元気な対応を心がけられる方 ◎人と話したり接することが好きな方,【U・Iターン歓迎！】 青森・岩手・山形・宮城・福島のいずれかの各センタ ※勤務地は希望を考慮 ◆…,"月給156,000円〜219,400円＋諸手当＋賞与年2回(5ヶ月分) ※月給はあくまで最低保証額です。年齢、経験、…"
86,昭和電線ケーブルシステム株式会社 | 東証一部上場・昭和電線ホールディングス（株）グループ,【施工スタッフ】※未経験OK・土日祝休み・年休121日・転勤なし 正社員,正社員,私たちの“いつもの暮らし”を支えている、電力ケーブルや電力機器の設置や組立工事をお任せします。※電力会社や大手企業からの受注が100%！,【条件を満たす方、全員と面接します】・高卒以上 ・普免（AT可）※入社後に準中型免許も取れます ※専門知識は必要なし！未経験からじっくり育てます,※UIターン歓迎 ＆ 転勤はありません！ 渡田エンジニアリングセンター／神奈川県川崎市川崎区小田栄…,"月給20万円〜29万2,000円 ※経験・年齢などを考慮の上、当社規定により決定します。 ※上記金額には、一…"
87,医療法人社団イースト会 | 【今ニーズが急増中◎】★完全週休2日制★有給取得率ほぼ100％,メンズクリニックの【受付事務】◆未経験者歓迎！◆残業ほぼなし 正社員,正社員,◎メンズクリニックの受付業務です。来院されたお客様対応や予約の問い合わせ、会計、事務業務をお任せします。◆キャリアアップの道もあります。,＜未経験歓迎＞★人物重視の採用のため、経験・学歴・社会人経験・転職回数は一切問いません◆第二新卒歓迎◆平均年齢32歳／20～30代男性が活躍中です,【駅チカ！勤務地は希望を考慮！】 ★新宿/新橋/池袋/横浜/神戸/広島/仙台/金沢/岡山/静岡 【…,月給：22万円以上＋賞与年2回 ◆年収例：550万円／6年目(37歳) ※年齢・経験・家族構成などを考慮して当…
88,アイリスオーヤマ株式会社 | <10年でグループ売上2倍!> 新規事業立上げによる増員募集！,<宮城>【製造オペレーター】年間休日180日以上！ 正社員,正社員,食品製造または衛生用品(マスク)の製造オペレーション業務からスタートし、経験を積んだ後はリーダー業務もお任せしていきます。,【高卒以上/要普免(AT可)/未経験・第二新卒歓迎！】◎食品や衛生用品の製造やメンテナンス業務に興味のある方 ★業種を問わず製造経験のある方は歓迎,【U・Iターン歓迎！マイカー通勤OK】 角田I.T.P./角田工場 宮城県角田市小坂上小坂1番,"月給18万円〜21万9,000円 ※給与条件は経験と能力を考慮して決定します。 ※試用期間3ヶ月（待遇の変更…"
89,株式会社縁 | ＼賞与年2回+決算賞与(直近10期連続支給中！)／ 【転勤なし】,安定基盤の企業で活躍！完全週休2日制(土日祝)の【 積算 】 正社員,正社員,建築工事費や資材費を計算する『積算業務』をお任せします。▼【 積算 】って何？という方は詳細をチェック! *スキルに応じた研修有,【 未経験・第2新卒・卒業見込みの方も大歓迎 】 ◎高卒・専門卒以上 ◎数独やパズル好きな方は向いているかも！★建築知識・積算知識は不問,【 希望勤務地、確約します 】 東京都千代田区・那覇市・福岡市・広島市・大阪市・名古屋市・仙台市の…,"【 未経験者 】 月給20万円〜27万円 + 諸手当 ※固定残業手当19,000円〜（残業15時間分）含む 【 経験者…"
90,株式会社フロンティアダイレクト | 完全週休2日(希望休考慮)／月給25万円スタート／残業月平均12h程,iQOS販売店の【 運営スタッフ 】あなたの接客スキルがさらに輝く 契約社員,契約社員,【 副店長候補★iQOS販売店にて使い方の説明やフレーバーの紹介などをお任せ 】商品知識ゼロでもOK「 いらっしゃいませ！ 」まずは元気な挨拶から＊*,【 業界未経験OK★サービス業での販売経験が活かせます 】無理やり売るというよりも、お客様と楽しく過ごせる仕事がしたい！そんなあなたはぜひ当社へ,【 iQOS(アイコス)店舗での勤務(大阪 or 広島) 】 ※U・Iターン歓迎！転居を伴う転勤は…,【 月給25万円以上＋業績給 】 ★正社員登用制度あり ※経験や能力を考慮の上、決定します。 ※試用期…
91,セントケア宮城株式会社 | 東証一部上場/セントケア・ホールディングのグループ企業,職場環境◎手厚い制度あり【介護スタッフ】週休2日制/残業月10h 正社員,正社員,【気さくで馴染みやすい職場◎】デイサービスや訪問介護など、希望や適性を考慮して業務をお任せ　※充実の福利厚生あり！安心して長く働ける環境です,【そのスキル、活かしませんか？】◎初任者研修(旧ホームヘルパー2級)有資格者 ◎要普免(AT限定可) ☆取得年数に応じ介護福祉士手当(最大5.2万円)支給,宮城県仙台市内/県南・県北エリア/石巻エリア/塩釜エリア/山形県山形市にある各施設。 ※勤務地は希…,"月給167,000円〜255,000円 ※試用期間3ヶ月あり（変動なし） ※賞与・処遇改善一時金：年2回支給あり(業…"
92,ダイワ通信株式会社 | ★早期キャリアアップやグローバルな活躍ができる★男性活躍中★,35歳迄の限定募集！[未]歓迎！販売代理店・法人企業への【営業】 正社員,正社員,【販売代理店または法人企業に対してセキュリティ商材を提案します】＼早くからチャレンジできる／入社早々に海外大手メーカーへ視察に行った先輩も！,【応募条件】◆35歳までの方*◆要普免(AT可)◆基本的なPCスキル　◇コツコツと取り組める方や周囲に働きかけたり、協調性を大切にできる方は大歓迎！,東京・大阪・名古屋・石川・札幌・仙台・新潟・広島・福岡募集 ★勤務地はお住まいのエリアを考慮 ★拠…,"月給25万〜35万円 ※当社規定により優遇いたします ※固定残業代含む（4万7,500円〜／30時間分） ※固定…"
93,アクト・セン株式会社 | 医療機器を技術で支え社会に貢献★完休2日★育成体制充実,未経験OK！MRIなど医療機器の【サポートエンジニア】年休123日 正社員,正社員,【研修からスタート！MRIなど診療に欠かせない機器を扱い社会に貢献！】医療機器の操作ミス・故障などの問合せ対応★対応数のノルマ等はありません！,【未経験歓迎/20代・30代活躍中/意欲・人物重視】◎高卒以上★社会に役立つ仕事がしたい・医療系機器に興味ある方★完全週休2日制でお休み安心！,東京都日野市旭が丘 ※豊田駅からバス10分 ※研修2週間は東京都八王子市（テクニカルセンタ）,"月給22万5,000円〜 （固定残業代40時間分50,650円含む ※超過分は別途支給） ※経験・年齢・能力を考慮の…"
94,日本エアーテック株式会社 | 【東証一部上場】大学や医療機関などで使われる機器専門メーカー,クリーンエア機器メーカーの【提案・販売営業】★賞与6.2ヶ月 正社員,正社員,《リピートや紹介による営業がメインです》半導体電子部品メーカー、製薬会社、研究所、病院など、既存顧客を中心に製品の説明・提案を行う仕事です。,《経験が浅くてもOK！手厚い教育/研修体制で未経験でも安心♪》■要普免（AT可）■基本的なPCスキル ■学歴不問 ※文系・理系問わず先輩多数活躍中！,■関西/中部営業所への配属となります。 ※基本的に転勤はありません。 ※I・Uターン歓迎！ご希望を…,月給／24万円〜38万円 ※年齢・経験・前給などを考慮の上、決定いたします。 ※試用期間（3ヶ月）あり。…
95,"大栄電気株式会社 | 【連結売上2,596億円・新菱冷熱グループ】★昨年度賞与6.0カ月分","""手に職""をつけて、社会インフラを支える！【電気設備施工管理】 正社員",正社員,《大規模＆有名案件多数！》 ◆官公庁やオフィスビル、TV局、鉄道など、幅広い物件の電気施工管理をお任せします ◎充実した研修で安心スタート！,《実務未経験・第二新卒歓迎》◆電気系の知識がある方（学校や職業訓練校で学んだ方） ◎万全の体制で長期キャリア形成を支援 ◎経験者は優遇致します,ご希望をもとに、本社（東京）、名古屋、大阪のいずれかの拠点へ配属します。 ■本社 東京都中央区湊1…,"【経験者】 月給／26万円〜 【実務未経験者】 月給／22万1,000円〜 ※上記はいずれも最低支給額です。…"
96,株式会社タカヨシ | 2020年に創業100周年！経済産業省「健康経営優良法人」に認定,年間休日119日！働きやすい環境で活躍【企画営業】※転勤なし 正社員,正社員,東北エリア販路拡大に向けた新規営業中心★印刷物や各種販促物など各種サービスを提案します★企業のブランディングに関わるやりがいのある仕事です,《経験者優遇！即戦力として活躍！》◎営業職としての経験をお持ち方（業種不問）◎要普免(AT限定可),【★U/Iターン歓迎！勤務地限定募集★当社仙台営業所（北四番丁駅徒歩8分）にて勤務】 ●仙台営業所…,"月給：22万7,200円以上＋諸手当 《モデル賃金》 ・30才（主任職）月収32万円/年収420〜500万円 ・35才（…"
97,株式会社ＯＮＥ | オーエヌイー【16期連続黒字経営の安定企業】,【採用の企画プランナー】未経験歓迎★年休120日！ 正社員,正社員,幅広い業界のクライアント企業に対して、求人広告を活用し課題解決につながる提案をお任せします。約1ヶ月間の充実した研修があるので安心です♪,【学歴・経験不問！】未経験者、第二新卒歓迎！社会人デビューを目指している方も大歓迎です！,『東京(新宿)、大阪(本町)、名古屋(中区)』 の3か所で積極的に採用実施中！ 【東京本社】 東京…,【月給25万円or月給23.5万円スタート！】 ★志向に合わせて働き方が選べます！ ■総合職（転勤あり） 月…
98,株式会社ONE | ◎16期連続黒字経営の成長企業◎年間休日120日・反響営業メイン,IT×人材【システム提案営業】★フレックス／完全週休2日制 正社員,正社員,「IT×人事」を組み合わせたシステムの提案をお任せします！◎反響による新規営業がメイン◎,＜業界未経験歓迎！＞◆第二新卒OK◆学歴不問★人材営業経験者は優遇します！★20代・30代活躍中！★お客様と並走する営業スタイルで活躍したい方,東京都新宿区新宿4-3-25 TOKYU REIT新宿ビル4階 ※転勤はありません 【アクセス】…,月給25万円以上＋インセンティブ ※経験・能力を考慮の上優遇します。 ※上記にはみなし残業代45時間分(…
99,東日本興業株式会社 | 年間休日120日以上(土日祝)！ワークライフバランス抜群◎,《東北電力グループ》のリース車両を管理する【営業事務】 正社員,正社員,<オフィスワークが中心！>東北電力グループで使用しているリース車両の管理・提案、お問合せ対応、見積書・契約書の作成、納車前の車両チェックなど。,【学歴・年齢不問】◎自動車整備士の有資格者 ◎要普免(AT限定可) ★自動車整備の経験に加えて、ディーラーでの経験がある方は優遇します！,【UIターン歓迎！】 宮城県仙台市青葉区一番町3丁目7-1 電力ビル9階 ※入社後に、青森市・秋田…,"月給200,000円〜250,000円＋各種手当＋賞与年2回 ※【モデル年収】年収425万円(30代後半) ※能力・経験…"
100,株式会社ネクスコ・エンジニアリング東北 | 【残業月平均26時間・年間休日125日・賞与平均4.9ヶ月分】,事務経験を活かして働く！【事務総合職】※東北エリア限定募集 正社員,正社員,【コーポレート部門で事務業務全般を担当】◎まずは総務や経理などを覚え、幅広い知識を習得してください,【業界不問・経験者募集！】◎総務・労務・経理など事務業務の実務経験者（年数不問）◎要普免（AT可）,【本社】 宮城県仙台市青葉区花京院2-1-65　いちご花京院ビル ◎転勤について 東北六県（青森県…,"月給：188,000円〜 + 各種手当 ※上記はあくまでも最低保証額です。 ※経験・年齢を考慮の上、当社規定…"
101,株式会社ＯＮＥ | ◆年間休日120日＆土日祝休み！/産休・育休取得実績多数！,【管理事務】★年間休日120日・土日祝休み★成長中企業で活躍！ 正社員,正社員,管理部門の一員として、営業部の売上管理や日報の作成といった業務をお任せします。★最初は、簡単な補助業務からスタートします！,≪学歴・経験不問≫★未経験・第二新卒歓迎！◎30歳までの方(若年層の長期キャリア形成を図るため)◎基本的なPCスキルをお持ちの方,≪転勤無し！「新宿駅」「新宿三丁目駅」から歩いてすぐ！≫ 東京都新宿区新宿4-3-25 TOKYU…,月給22万円以上 （みなし残業代32時間相当分／4.8万円を含む） ※経験・能力を考慮の上、決定いたします…
102,株式会社ONE | 【リモートワークOK★土日祝休み★年間休日120日】,インハウスの【SNSマーケター】★SNS・広報に興味のある方歓迎 正社員,正社員,自社およびグループ会社で展開する『SNSマーケター』として幅広く活躍いただきます！,【SNSを通したマーケティングに挑戦したい方】※学歴・経験不問,本社／東京都新宿区新宿4-3-25 TOKYU REIT新宿ビル4階 ≪アクセス≫ ・各線「新宿三…,月給23万円以上 ※経験・能力を考慮の上優遇します ※上記にはみなし残業代45時間分(5.9万円)を含む。超…
103,株式会社ＯＮＥ | オーエヌイー◎今後の案件増加を見据えてクリエイターを募集！,【求人広告クリエイター】★休日や収入、働く場所も自分次第★ 業務委託,業務委託,マイナビ転職をはじめとする求人広告の取材・ライティング・撮影・デザインをお任せします！,≪応募条件≫ライターorデザイナーの経験をお持ちの方(媒体・年数不問)◆学歴不問◎求人業界未経験OK！★求人広告の制作経験者は優遇します！,原則自由 ★取材は、基本的に関東圏内がメインとなります。 ★オフィスに出勤する必要はありません！…,◆完全出来高報酬制 1原稿あたりの単価/8000円〜2万円 ※能力や案件、お任せする媒体・企画に応じて、原…
104,アイリスオーヤマ株式会社 | 【海外を含めグループ全体が成長中！10年でグループ売上2倍！】,女性活躍中!【総合職(ネットショップ運営/カスタマーサポート)】 正社員,正社員,ご希望や適性を考慮し、【ネット通販サイトの運営・管理】もしくは【カスタマーサポート】をお任せします。,【未経験・第二新卒歓迎！】■高卒以上■基本的なPCスキルがあればOK　◎ネット通販でのお買い物が好きな方やネットでお店を出してみたい方は歓迎！,◆アイリス青葉ビル 宮城県仙台市青葉区中央2-1-7 ※仙台駅徒歩5分の好立地！,月給17万円〜27万円 ※給与条件は経験と能力を考慮して決定します。 ※試用期間3ヶ月（待遇の変更なし） …
105,ポールトゥウィン株式会社 | 完全週休2日制(土日祝)/年休120日/東証１部上場/正社員登用,【テストエンジニア】★未経験歓迎★最新コンテンツに携われる！ 契約社員,契約社員,【３カ月程度の研修からスタート！】リリース前のアプリ・ゲーム等の動作をチェックする「テスト業務」を担当　※完全週休2日＆年休120日以上！,◇学歴不問・第二新卒・フリーター・ブランクのありも歓迎◇人柄重視面接◇経験は問いません,＼転勤はありません！／ 【札幌第二スタジオ】 北海道札幌市中央区北二条西2-41　札幌2・2ビル4…,月給17.5万円〜30万円 ※固定残業代（23403円〜40124円/20時間）を含みます。 ※固定残業時間を超過した…
106,株式会社ＯＮＥ | ◎新設の映像部門で活躍！,【映像クリエイター】撮影～編集まで！土日祝休み×年休120日 正社員,正社員,社内・社外向けの映像制作の編集・撮影をメインにお任せします。◎将来的には、企画立案・ディレクションに関わることが可能です！,【映像の撮影 or 編集経験(趣味の方も可)】※企画・ディレクション経験をお持ちの方尚可！,東京都新宿区新宿4-3-25　TOKYU REIT新宿ビル4階 ※リモートワーク可,月給22万円以上：みなし残業代29時間分／3.7万円を含む。 ※給与は経験・能力を考慮の上、決定いたします…
107,株式会社ONE | （オーエヌイー）【組織を拡大中】,【キャリアプランナー(人材紹介・人材派遣）】※未経験者可 正社員,正社員,当社のキャリアプランナーとして、転職希望者と企業の間に立ち、双方にとって最適な転職サポート業務に携わっていただきます。,人材ビジネスで企業情報と求職者情報をしっかり把握できる方。記憶力と好奇心のある方。何事にも興味関心を持ち能動的に動ける方。課題意識のある方。,■新宿支社/東京都新宿区新宿4-3-25 TOKYU REIT新宿ビル4階 【アクセス】 ・各線「…,■総合職：月給25万円以上（みなし残業代6.4万円以上含む） ※転勤あり ■エリア総合職：月給23.5万円以…
108,株式会社ONE | 年間休日は120日・土日祝休みの完全週休2日制・有休の取得率も◎,【Webデザイナー】週一出社！テレワークで制作に集中できます！ 正社員,正社員,クライアント様（直請け案件）や自社の各種Webサイトのデザイン・制作・更新・運用業務に携わって頂きます。,デザインやコーディングの実務経験がある方。環境や条件に左右されず、一定の品質で制作できる方。柔軟性があり、ITリテラシーの高い方。,東京都新宿区新宿4-3-25　TOKYU REIT新宿ビル4階 ☆新宿駅チカのオフィス☆ ■アクセ…,月給23.5万円以上（みなし残業代45時間分／6万円を含む） ※「エリア総合職（転勤なし）」の採用 ※経験…
109,株式会社青木組 | 【設立68年】面接交通費一部支給／引越費用補助／残業月平均20h,未経験からでも大規模な案件を担える！【土木施工管理】 正社員,正社員,【ほぼ100％公共工事で安定性◎】陸上もしくは海上の土木工事施工管理。資材の手配やスケジュール管理などを行います。★大規模な案件も多数！,【未経験歓迎！一生モノのスキルを身につけるチャンス】★スキルアップ応援！資格取得費用は全て会社負担 ◆男女不問 ◎高卒以上 ◎要普免(AT限定可),【U・Iターン歓迎／広島本社はマイカー通勤可】 希望を最大限考慮し、広島本社（広島県尾道市）または…,"【東京本店】 大卒 月給 250,000円〜285,000円＋諸手当 高卒 月給 208,300円〜258,300円＋諸手当 【広島…"
110,ライオンハイジーン株式会社 | 【理想的な衛生管理を実現】未経験OK＊全国募集＊20~30代活躍中,ライオン100％出資会社で活躍！【技術営業】土日祝休／年休124日 正社員,正社員,＊20～30代活躍中＊【明確な人事評価制度あり】◆飲食店や食品工場といったお客様のビジネスを、衛生管理という観点からサポートしていく仕事です。,【未経験OK／第二新卒歓迎】◆普通免許（AT可）◆飲食や食品工場に関する業務経験、設備機器類のメンテナンス経験がある方は歓迎！,全国の各拠点【札幌、仙台、東京、名古屋、大阪、福岡】 ＜本社＞ 東京都墨田区錦糸1-2-1 アルカ…,"月給:19万1,000円以上＋各種手当（営業手当など）＋賞与年3回 ※年齢、経験、能力を考慮の上、優遇しま…"
111,アイリスオーヤマ株式会社 | 【電話・WEB面接も可!】年間休日115日/各種手当・福利厚生も充実,家電・生活用品総合メーカーの【カスタマーサポート】 正社員,正社員,家電・生活用品・食品の総合メーカーとして事業拡大中。自社製品の問合せなどのカスタマーサポート・アフターサポート・クレーム対応をお任せします,【20～50代活躍中☆】何らかのカスタマーサポートの実務経験がある方(業界不問) ★SV経験やマネジメント経験がある方は優遇！,●宮城県仙台市青葉区 ●宮城県角田市 ●岩手県盛岡市 ●山形県山形市 ●福島県福島市 ●埼玉県深谷…,月給17万円〜35万円 ※給与条件は経験と能力を考慮して決定します。 ※試用期間3ヶ月（待遇の変更なし）…
112,アイリスオーヤマ株式会社 | 「家電・生活用品・食品の総合メーカー」,UIターン歓迎！【事務系総合職（経理/人事/生産管理など）】 正社員,正社員,ご希望や適性を考慮し、◆経理・会計・財務 ◆人事・労務 ◆生産管理・在庫管理の各業務をお任せします。,【応募条件】 ■高卒以上 ■基本的なPCスキルがある方(Word・Excel) ■何らかの事務経験がある方,【U・Iターン歓迎】 宮城県（仙台・角田）、埼玉県のいずれかの拠点 ※ご希望を考慮します。 ■アイ…,月給17万円〜35万円 ※経験・年齢等を考慮し、当社規定により決定します。 ※試用期間3ヶ月(条件は同じ)
113,株式会社ONE | ◆17期連続黒字経営/Web面接実施中/20代・30代活躍中,フリーランス向けポータルサイトの【Webディレクター】土日休み 正社員,正社員,「フリーランス向けポータルサイト」の、ビジネスモデルの構築・企画、システム開発に向けたディレクションに関わっていただきます。,【システム開発におけるディレクション経験or事業開発領域の実務経験】フリーランスという働き方に関心がある方◎,本社／東京都新宿区新宿4-3-25 TOKYU REIT新宿ビル4階 ≪アクセス≫ 東京メトロ丸ノ…,月給40〜60万円 ※経験・能力を考慮の上優遇します。 ※上記にはみなし残業代45時間分(9万6900円〜14万54…
114,株式会社モトーレン仙台 | 《世界基準の商材と働く環境》仙台市内に7拠点展開,【セールスコンサルタント】※未経験者歓迎・仙台市内限定勤務 正社員,正社員,【安心の教育体制であなたの成長をサポート】◎各ショールームで、ご要望のヒアリングから商品の説明から提案を行います,【未経験者歓迎】◎高卒以上 ◎要普免(AT可) ★異業種からの転職者が多数活躍中！「車が好き」「ステップアップをしたい」という方は大歓迎です,《仙台市内のいずれかの店舗に配属》 ※マイカー通勤可 ※転勤なし（仙台市内での異動あり） ※U・I…,"月給200,000円〜350,000円 ※年齢・経験を考慮の上、決定いたします ※試用期間3ヶ月間あり（条件の変動…"
115,株式会社モトーレン仙台 | 《世界基準の商材と働く環境》仙台市内に7拠点展開,【事務系総合職】※未経験者歓迎・残業月10～20時間・転勤なし 正社員,正社員,【いずれかの部門に配属】◎ご来店されたお客様の受付(ショールームスタッフ)◎修理・点検等で入庫されたお客様のご対応(サービスクラーク)◎経理事務,【未経験者歓迎！女性活躍中の部門です】◎「車が好き」「興味がある」という方は尚可です！◎高卒以上 ◎要普免(AT可),《仙台市内のいずれかの店舗に配属》 ※マイカー通勤可 ※転勤なし（仙台市内での異動あり） ※U・I…,"月給180,000円〜310,000円 ※年齢・経験を考慮の上、決定いたします ※試用期間3ヶ月間あり（条件の変動…"
116,陽光ビルサービス株式会社 | 【1962年設立】◇総合的な施設・設備管理を手掛ける安定企業,大学附属病院の【設備管理】＊残業ほぼなし＊早朝・夜間勤務なし 正社員,正社員,【御茶ノ水駅から徒歩圏内／直行直帰の現場】◆病院内における空調、排水関連の設備管理をお任せします★電気系統の設備管理業務は専門スタッフを配置,【年齢不問／50代～60代活躍中】◆設備管理の業務経験がある方（5年以上） ◆安定して働きたい・周りの仲間と連携しながら進められる方を歓迎します！,＊転勤なし！アクセス抜群「御茶ノ水駅」から徒歩3分＊ 東京都千代田区神田駿河台1-8-13,月給:26万円〜 ※年齢、経験、能力を考慮の上、優遇します。 ※待遇条件の詳細については、面接などでご…
117,王子アドバ株式会社 | 【創業140年の王子グループ】年休120日/グループ準拠の働き易さ,脱プラに貢献！あのブランドの紙袋も！【企画提案ルート営業】 正社員,正社員,【あの有名店・人気店の袋にもアイデア発揮！】◆ブランドショップ・百貨店等のショッピング袋等の企画営業です★大手のお客様ともコツコツと信頼構築,【未経験歓迎／人物重視】◆大卒以上◆35歳以下の方★仕事に対するやる気がある方・コツコツ真面目に取り組める方であれば、スキル・知識は不問です！,＊--アクセス抜群！『銀座駅』徒歩5分の好立地--＊ 【営業本部】 東京都中央区銀座5-12-8…,"月給:235,000円以上（一律販売手当含む）+ 賞与年2回 ※経験・能力を考慮の上、当社規定により優遇しま…"
118,株式会社H・O・C,既存顧客や新規への【オフィス・WEBコンサルティング営業】 正社員,正社員,過去にお取引いただいたお客様への再訪問(ルート営業)による古いOA機器の入れ替え提案やHP作成等のご提案やご新規様への導入提案など。,営業未経験の方、正社員として働くのがはじめてという方、異業種からの転職希望者などみなさん大歓迎です。もちろん営業経験者も大歓迎。,希望勤務地をお選びください。 ※転勤不可・転勤可能の選択が出来ます。 【札幌本部】 札幌市中央区北…,"月給24万円〜＋職級手当5,000〜20,000円＋インセンティブ ※経験に応じてスタート給与を決定致します。 (…"
119,学校法人医学アカデミー | 薬剤師国家試験予備校『薬学ゼミナール』を運営。,【社内SE(システム開発・品質管理)】◆年間休日120日(土日休み) 正社員,正社員,校内SEとして職員向け、または学生向け「システムの企画・開発・運用」をお任せします。,◎何かしらの開発経験を3年以上お持ちの方　※相手に寄り添った行動やコミュニケーションを大切にできる方歓迎！ ※必須,【東京事務所】 東京都千代田区神田錦町3-18-3　錦三ビル5階 ＜アクセス＞ ■半蔵門線「神保町…,■年俸制：350万円〜550万円 ※経験・スキルを考慮し、優遇します。 ※試用期間3ヶ月（期間中の給与・待…
120,高田機工株式会社 | ★WEB面接可能★創業100年間近の東証一部上場企業／福利厚生充実,東証一部上場で経験活かす【鋼橋の架設・床版・補修の施工管理】 正社員,正社員,《基本作業なし！現場工事から卒業しませんか？》2～5名のチーム体制で鋼橋の架設・床版、補修工事といった施工を管理する仕事です★年間休日120日,《20・30代入社実績多数》◆1級土木施工管理技士をお持ちの方 ◆土木・建築系の学科卒の方 ◆要普免(AT可),【全国各地の鋼橋施工現場へ赴任】 ※現場赴任先は面談を実施のうえ、希望を考慮して決定しています。…,◆月給22万円〜50万円＋諸手当＋賞与年2回 ※年齢・経験・能力を考慮して決定いたします ※試用期間6ヶ月…
121,株式会社ETSホールディングス | ※JASDAQ上場／創業98年！,電気設備工事の【施工管理】経験者・有資格者優遇◎ 正社員,正社員,社会インフラ・電気の更なる安定供給を目指し電気工事の施工管理業務をお任せします。,【学歴不問】電気工事施工管理技士又は電気工事士の資格をお持ちの方,本社 東京都豊島区南池袋1-10-13／各線「池袋駅」より徒歩7分 仙台支社東北送電事業本部 宮城…,"月給30万円〜50万円 ※経験・スキルを考慮し、当社規定により決定します。 ※固定残業代月20時間：40,00…"
122,アイテック株式会社,【秘書兼役員付運転手（ドライバー）】　未経験者歓迎／幹部候補 契約社員,契約社員,◆社用車で役員の送迎を担当してください。安全運転はもちろん秘書的な業務もお任せします。経営者をサポートする、やり甲斐ある仕事です。,【2020年卒も歓迎】◆年齢不問（20代～60代の方が活躍中）◆大卒以上◆要普免・車の運転経験1年以上(ドライバーの経験は問いません),本社（大阪市北区梅田3-3-10 梅田ダイビル） 【交通アクセス】 JR「大阪」駅 桜橋口出口より…,月給　30万円（一律手当て込） ※年齢・経験を考慮いたします ※正社員登用あり ※試用期間は6カ月となり…
123,株式会社フルハウス | 《仙台市内で4店舗運営》☆20～30代活躍中　☆第二新卒歓迎,完全反響型で安心♪未経験者OKの【マイホームアドバイザー】 正社員,正社員,【飛び込みなし、来店型のマイホームアドバイザー】HPや広告を通じて『フルハウス』に来店したお客様のニーズをヒアリング、最適なご案内を行います。,【未経験者大歓迎☆研修充実☆】◎元アパレル店員や元美容部員、元販売店スタッフ…などが活躍中！◎人柄重視、コミュニケーション力のある方は大歓迎,【仙台市内4店舗いずれかの勤務】 ※各店舗マイカー通勤OK ■本店 宮城県仙台市若林区蒲町東10-…,月給：20万円〜 （一律手当含む）＋ インセンティブ ＋ 各種手当 ※経験・能力を考慮のうえ、当社規程に…
124,株式会社日本防犯システム | 完全週休2日制／年間休日125日／土日祝休み／20～30代活躍中！,防犯カメラ×IoT/AI/5Gとセキュリティ製品を提案する【営業】 正社員,正社員,【ノルマ／飛び込みなし】販売代理店に向けたルート営業がメイン★販促企画にもチャレンジ！自社製品の拡販に“アイデア×行動力”を発揮できます！,"【平均年齢27,8歳／第二新卒・業界未経験OK】法人営業の経験がある方(経験が浅くてもOK)◆メーカーの営業職としてキャリアを築きたい！そんな方歓迎",仙台・東京・名古屋・大阪・広島・福岡で同時募集中！★希望を考慮致します。 ■仙台支店 宮城県仙台市…,■月給22万円〜45万円＋賞与年2回 ※試用期間3ヶ月あり。その間の待遇変更はありません。 ※経験・能力を…
125,アイリスオーヤマ株式会社 | 【海外を含めグループ全体が成長中！10年でグループ売上2倍！】,【倉庫出荷スタッフ（出荷業務・物流企画・物流設備）】 正社員,正社員,国内物流拠点における商品の【出荷業務・物流企画・物流設備】いずれかをお任せします。,【物流に関わる業務経験のある方、歓迎！】◎高卒以上 ◎要普免（AT限定可）★物流企画・物流管理などの経験者は優遇！,【U・Iターン歓迎】 北海道・宮城・埼玉・茨城・静岡・滋賀・兵庫・佐賀・大分のいずれか 北海道工場…,月給18万円以上 ※経験・スキルを考慮の上、当社規定により決定します。 ※試用期間：最大6ヶ月（待遇は…
126,太洋テクニカ株式会社,【設備施工管理】未経験者歓迎/中途定着率100%/ポテンシャル重視 正社員,正社員,《景気の影響を受けにくい安定基盤を構築》話題の新・水産市場も当社が担当！◆ビルや公共施設の空調換気・給排水衛生・冷凍冷蔵設備工事の施工管理,【未経験から経験者まで幅広く募集】20～30代が活躍中◆高卒以上◆要普通自動車免許◆福利厚生充実◆U・Iターン歓迎,☆全国で募集します！ ※勤務地は希望を考慮します。 ☆I・Uターン歓迎 【東京本店】 東京都品川区…,未経験者：月給20万円〜25万円 経験者：月給25万〜40万円 ※あなたの経験やスキルを考慮し、優遇します…
127,株式会社ミツウロコヴェッセル東北 | 東証1部上場企業のグループ会社！CMでおなじみのミツウロコ★,ミツウロコグループで働く【配送スタッフ】★年間休日122日 契約社員,契約社員,【 岩手のお客様に灯油を配送 】個人宅から法人企業まで、ご契約いただいているお客様のもとへ配送を行っていただきます ★正社員登用制度あり,【年齢不問】【未経験歓迎】／【必須条件】◆危険物取扱者丙種以上 ◆要普通免許(平成29年3月以降取得は準中型免許),◎盛岡北サービスセンター 岩手県滝沢市穴口282−1 ※転勤なし！ ※マイカー通勤OK,"月給：160,000円〜180,000円 + 歩合 　★月収例230,000円以上可能 ※経験・年齢等を考慮し当社規定によ…"
128,中野建設コンサルタント株式会社 | UIターン歓迎！年休123日/完休2日(土日祝)/手当・福利厚生充実！,20～60代まで幅広い年代が活躍中！【発注者支援業務】未経験OK 正社員,正社員,【土木/電気】官公庁(国土交通省等)における発注者支援…経験やスキルに合わせて<工事監督支援業務/積算技術業務/技術資料作成業務>のいずれかを担当,[土木・電気未経験者]35歳まで/土木・電気・建設業界に興味がある方 [土木・電気経験者]土木施工管理技士/電気工事施工管理技士/電気工事士の有資格者,【UIターン歓迎！希望勤務地を考慮／直行直帰です】宮城県、福島県のいずれか 本社/宮城県仙台市青葉…,"月給213,000円〜450,000円+各種手当+賞与年2回+決算賞与 ※月給にはみなし残業代20時間分／3万円〜を含…"
129,北海道地図株式会社 | ★原則転勤なし ★土日休み ★自社内開発 ★U・Iターン歓迎,【開発エンジニア】★地図システム開発のパイオニア企業で活躍！ 正社員,正社員,3Dモデルを利用した表示システム、GISやスマホ向け地図アプリなど、自社地図関連システムの企画・設計・開発をできる範囲からお任せします。,★何らかのシステム開発経験がある方 ★Unity、Cesium、PHP、Java、Python、JavaScript、PostgreSQL、AI、IoT、XRのいずれかに関するスキル歓迎！,東京都千代田区永田町、仙台市青葉区、札幌市白石区、旭川市での募集です！ ※希望を考慮の上、配属とな…,■東京 月給24万8000円以上（一律地域手当3万円・技術職営業店勤務手当3万円を含む） ※試用期間最大6ヶ…
130,アイリスオーヤマ株式会社 | <10年でグループ売上2倍!> 新規事業立上げによる増員募集！,<静岡>【製造オペレーター】年間休日180日以上！ 正社員,正社員,食品(飲料)の製造オペレーター業務(ペットボトル成型、飲料水を充填、段づみロボットの操作および搬送業務)をお任せします。,【高卒以上/要普免(AT可)/未経験・第二新卒歓迎！】◎食品の製造やメンテナンス業務に興味のある方 ★業種を問わず製造経験のある方は歓迎,【U・Iターン歓迎！マイカー通勤OK】 富士小山工場 静岡県駿東郡小山町桑木221-1,"月給18万円〜21万9,000円 ※給与条件は経験と能力を考慮して決定します。 ※試用期間3ヶ月（待遇の変更…"
131,日本アイ・ビー・エム デジタルサービス株式会社 | 【略称：IJDS／ 日本アイ・ビー・エムグループ 】,【ITエンジニア(テクニカルサービスエンジニア)】仙台限定募集！ 契約社員,契約社員,◆ITインフラの設計・構築、運用・保守、顧客サポートなど◆OJTやe-learning、各種セミナー等を用意◆仕事に慣れたらリモートワークも可能です！,【未経験・第二新卒歓迎】◎PCに対して抵抗がない方★ゼロからIT業界にチャレンジできる環境です！,＜仙台事業所＞ 宮城県仙台市青葉区一番町1-9-1 仙台トラストタワー 14F,"■未経験での入社 月給：27万5,000円〜32万5,000円＋残業手当 ■経験ありでの入社 月給：27万5,000円〜5…"
132,株式会社ワールドアイセリング | 東証一部上場 ワールドホールディングスグループの安定基盤！,【提案営業】★転勤なし・残業月20h・年間休日116日★ 正社員,正社員,<裁量を持って働ける！>あなたの得意分野に合わせて『マンション・戸建物件の売買仲介』または『リノベーション用物件の買取・再販』をお任せします。,《前給保証！》[応募条件]不動産業界の経験がある方 ★宅地建物取引士の有資格者は優遇！ <中途入社のハンデなし>能力に応じて即ポストが付くことも！,【転勤なし／U・Iターン歓迎／青葉通一番町駅より徒歩2分！】 宮城県仙台市青葉区一番町2-4-1…,"月給235,000円〜430,000円＋インセンティブ＋賞与年2回 ★月収例:385,000円〜430,000円/マネージャー(課…"
133,石井ビル管理株式会社 | <未経験歓迎/諸手当・福利厚生が充実/安定した経営基盤が強み!>,20～40代活躍中！【総合職(設備管理/業務管理/警備)】研修充実◎ 正社員,正社員,【設備管理】各施設における設備の監視/運転操作 【業務管理】現場巡回/客先窓口 【警備】施設内の巡回や警備業務,<未経験者歓迎/学歴・性別・経験・年齢不問>★20～40代の若手活躍中 ★育成ノウハウも充実 ★経験者は面接のうえ条件を優遇【手厚い福利厚生が魅力!】,宮城県内、その他 <本社> 宮城県仙台市青葉区国分町三丁目6番1号 ※配属により、勤務地が異なりま…,"月給 212,000円〜 ※一律遠隔地手当含む <地域限定社員> 月給 170,000円〜 ※時間外手当、技術手当、深…"
134,HITOWAライフパートナー株式会社 | CMでお馴染み「おそうじ本舗」のフランチャイズ本部,成長企業の【人事・総務スタッフ】 正社員,正社員,管理部門において、人事業務・総務業務を担当していただきます。,学歴不問、人事制度や人事評価に携わった経験をお持ちの方 ◎基本的なPC操作が可能な方（Word、Excel等）,東京都港区六本木1-4-5 アークヒルズ サウスタワー 19階,月給27万円〜45万6000円 ※固定残業代30時間分(5万円〜9万6000円)を含む。超過分は追加支給します。 ※経…
135,オフィスコム株式会社 | PLUSグループ／自社製品・直販サイトの連携で13期連続売上UP,【営業事務】年休126日◆賞与年2回◆転勤なし！広島限定募集 正社員,正社員,【営業サポート業務全般＊経験不問】発注に関わる一連の業務やお客様対応をお任せします。,【経験・学歴不問／未経験・第二新卒歓迎】■PCのタイピングがスムーズにできる方,◆広島支社 広島県広島市中区小町3-25 三共広島ビル7F,◆月給21万7000円以上 +賞与年2回 ※上記はあくまで未経験者の最低保証額です。経験・能力・年齢などを考…
136,丸喜株式会社齋藤組 | 東京支店 /創業75年/働く人を大切に/東北復興やＣＭで高い地名度,【建築技術職（設計・施工管理）】未経験歓迎☆残業なし 正社員,正社員,木造建築を中心に、戸建住宅のリフォーム、保育園、福祉施設等、設計・施工管理アシスタント業務※経験や希望に合わせます。,★ものづくりが好きな方★建築に興味のある方「未経験者歓迎」何らかの建築現場経験者は優遇します☆※要普通自動車免許,●東京支店 東京都江戸川区東瑞江一丁目1-3　丸喜ビル（自社ビル） 首都圏の現場 ※ほぼ現場へ直行…,月給26万円〜45万円 （未経験者は月給23万円以上） ※経験・能力に合わせて相談の上決定します。 ※試用…
137,株式会社新井組 | 主要4地方整備局で令和元年度 工事成績優秀企業認定(国土交通省),社会インフラを支える【施工管理】★将来の中核を担う人材の募集 正社員,正社員,【国交省の案件多数】◆道路・河川などの新設工事・修繕工事・耐震工事といった土木全般の施工管理業務 ★現場の次席⇒所長への転身を目指せます,【面接1回！即戦力の募集！】◆1級土木施工管理技士の有資格者 ★各役職に応じた研修をご用意&毎年、知識共有のための研修あり,＼全国募集／ ★U・Iターン歓迎 ★希望勤務地は最大限考慮いたします ★社員用の宿舎あり あなたの…,月給：32万円〜50万円 ※あなたの経験やスキルを最大限に考慮します。 ※上記金額には固定残業代（40時…
138,株式会社オープン・システム・ソリューションズ | ★クラウド・AI・SAP案件多数,AIなどの“最先端技術”に携われる【ITエンジニア／ITコンサル】 正社員,正社員,【ITエンジニア・コンサル業務をお任せします】経験・能力に応じ、IT基盤の設計・構築・運用からJava、AIシステム開発、SAPやSalesforceのコンサル等,【経験者大歓迎！】必須：何かしらの開発経験をお持ちの方（目安3年以上） ★多彩なキャリアの道を用意！第二新卒の方も歓迎します◎,【東京・大阪・神奈川・静岡・仙台のいずれかの営業所】 ※希望勤務地は最大限考慮いたします！ 【東京…,月給20万円〜100万円 ※経験、能力を考慮して、決定いたします。 ※試用期間3ヶ月（期間中は、福利厚生施…
139,株式会社片平新日本技研 | 【交通インフラを支えるプロ集団】★充実の研修・資格支援制度有,【土木施工管理】育成社員制度※将来の管理技術者育成／資格不問 契約社員,契約社員,【NEXCO等の発注側として裁量大きく活躍！】高速道路の施工管理をメインにお任せ★下請けを卒業して力を発揮★家族・住宅・資格手当など充実！,建設業や建設コンサルタントの勤務経験を有し、施工管理業務に必要な資格取得の意欲があり、施工管理業務で活躍を目指す方,1年間嘱託社員として、設計・施工管理の基本知識、ＣＡＤ技術の習得をしながら資格取得を目指していただ…,"月給215,000円〜 ※業務経歴、保有資格、能力などを考慮して優遇いたします。 ※試用期間6ヶ月あり（待遇…"
140,荏原実業株式会社 | 【東証一部】年商284億円の安定企業／賞与4.4か月／年休127日,水インフラを支える【施工管理】★未経験からの資格取得支援あり 正社員,正社員,【チーム制なので未経験の方も安心！数年かけてじっくり成長していけます】浄水場・上下水道施設・ポンプ場の設備工事の現場監督をお任せします,【必須条件】機械・電気・建築など工学系の学部・学科出身or施工管理の経験 ★完全週休2日 ★有給取得10日以上 ★賞与2回(4.4ヵ月分),東京、神奈川、埼玉、千葉、茨城、宮城、岩手、愛知、大阪で募集します。 本社／東京都中央区銀座七丁目…,月給23万円以上＋諸手当＋賞与年2回【支給実績4.4ヵ月分】 ※経験・能力・年齢を考慮し決定します。 ※…
141,コスモ石油販売株式会社 | [東北カンパニー]CMでもおなじみ！夜勤なし・残業少なめ・連休OK,地域限定採用！未経験から手に職を◎【SSスタッフ・整備士候補】 正社員,正社員,【色々な方向に成長できるサービス・整備スタッフ】給油・点検・整備…といった、地元のお客様の安全なカーライフを支えるお仕事をおまかせします！,【未経験者大歓迎！】◎要普免　◎学歴・男女・前職不問、社会人デビューの方もぜひご応募ください！《整備士資格や自動車検査員お持ちの方は大歓迎》,＜初任配属エリア確約＞ 宮城県仙台市/仙南/仙北、福島県福島市/相馬市、岩手県奥州市の 各エリアか…,◆月給18万円〜35万円 ＋ 各種手当 ※経験・年齢を考慮の上、当社規定により優遇します ※試用期間：3ヶ…
142,株式会社SEKAI | ＼コロナに負けず拠点拡大中／★渋谷・仙台オフィス新設！,【企画営業】★週休二日(土日)・インセンティブ&表彰制度あり！ 正社員,正社員,企業課題を解決し、よりよいセカイにする提案営業。クライアントの満足と広告としての効果を追求します。【社内クリエイティブチームと挑みます！】,学歴も、経験も、特別な資格も必要ありません。クリエイティブに興味がある方を歓迎します！　★異業種から転職してきた20代・30代が活躍中です！,渋谷オフィス・札幌オフィス・仙台オフィス・大阪オフィス・福岡オフィスよりお選びいただけます。 ★渋…,"【渋谷】月給215,000円〜 【札幌】月給195,000円〜 【仙台】月給195,000円〜 【大阪】月給205,000円〜 【…"
143,株式会社セレクティ | [UIターン歓迎]★入社祝い金最大20万円支給★家賃補助あり★,【ITエンジニア】★月給25万円以上 ★転勤なし ★定着率98％！ 正社員,正社員,【詳細設計～開発など】あなたのスキルに合った様々なプロジェクトに参画できます★残業月平均12.3h★年間休日120日以上★土日・夜間・WEBでの面接可,【第二新卒・キャリアが浅い方・ブランクがある方も歓迎！】WEB系のプロジェクト多数！あなたの「やりたい」案件が見つかる ★UIターン支援制度あり,【転勤なし／UIターン歓迎】※家賃補助あり（規定有） ★盛岡市内・秋田市内でのクライアント先で勤務…,月給：25万円〜40万円 ※経験・スキルを考慮の上決定します ※試用期間3ヶ月（同条件） ※固定残業代（20…
144,弁護士法人 平松剛法律事務所 | 平均年齢30歳／産育休取得実績／家賃補助／資格取得支援,【採用担当スタッフ】※管理部門・総務チーム ※未経験歓迎！ 正社員,正社員,＜OJTにてイチから成長を目指せる環境です！＞ 管理部門の一員として、中途採用業務（各種調整・面接・内定者フォロー等）をメインにお任せします。,＜経験不問！未経験の方も歓迎します＞ ◆高卒以上 ◆社会人経験4年以上（業界・職種不問） ※残業月5～10h／年休127日などメリハリもしっかり！,◎転勤なし ◎銀座駅から徒歩3分の好立地！ 東京事務所 東京都中央区銀座6-2-1 Daiwa銀座…,月給25〜40万円 ※経験・年齢を考慮の上、当社規定により優遇します。 ※試用期間3ヵ月あり ※試用期間…
145,タカオ株式会社 | ★1955年創業★導入実績多数（レゴランド名古屋、としまえん等）,“遊びと感動をつくる”遊具メーカーの【企画営業】★未経験歓迎 正社員,正社員,★テレアポ・新規飛び込み有★公園の遊具、 ショッピングモールの室内遊具、 アミューズメントパークの大型遊具など、様々な遊具を企画提案します！,＜未経験・第二新卒歓迎！完全人物・意欲重視の採用です＞◆40歳以下の方◆普通自動車免許(AT可)★約1年間のOJT研修を実施！だから未経験でも大丈夫！,★転勤なし ★東京・新潟・大阪・広島での勤務です ※勤務地は希望を考慮します 東京本社／東京都港区…,【東京】 月給23万6000円〜35万円 ※年齢・経験・能力・前職給与等を考慮し決定します。 ※試用期間6ヶ月…
146,株式会社全日警 | ～業界トップクラスの安定企業で働く！～　【正社員登用あり】,【総合事務スタッフ】◆年間休日125日(土日祝)＆残業月10h程度◆ 契約社員,契約社員,【充実のサポート体制】総務・人事、経理業務全般を担当してもらいます。あなたの経験やスキルに合わせて出来る業務からお任せします。,【未経験OK】◎高卒以上 ◎基本的なPCスキル(Word、Excel) ★簿記の知識、総務、経理の経験をお持ちの方は歓迎！※20～30代の若手男性スタッフ活躍中,【転勤なし／勾当台公園駅より徒歩6分！】 宮城県仙台市青葉区本町3丁目6-18 勾当台イーストビル…,"月給147,840円〜159,600円＋諸手当 ※正社員登用後の月収例(180,000円〜205,000円) ※経験・能力を考慮…"
147,日本債権回収株式会社 | (株)オリエントコーポレーション(一部上場)出資：福利厚生も充実,【総合職(営業・債権管理)】★正社員登用前提！ 契約社員,契約社員,《将来も安心！正社員登用9割超の実績を誇る！》 あなたの希望・適性に応じ、「営業」「債権管理」のいずれかの業務をお任せします。,《残業月平均20h程度など働きやすさも◎》 ◆大卒以上 ◆基本的なPCスキル ※充実の研修＆資格取得支援制度あり！スキルアップを全面サポートします！,★さいたま・名古屋での募集！ └住まいやご希望等を考慮し、決定します！ 今回の募集業務に対応する勤…,◇さいたま：月給23万8千円〜 ◇名古屋：月給22万8千円〜 ※経験・年齢等を考慮の上、当社規定により決…
148,岩崎エアーテック株式会社 | 《設立31年のメーカー営業！》◎転勤なし / 月収100万円も可能！,★40代～60代活躍中★【法人営業】インセンで高収入を目指せる！ 正社員,正社員,【既存顧客中心！】◎ニーズのある工場・病院・保育園・介護施設などに空気清浄機のリース・販売をご提案します。契約に応じてインセンティブも支給！,【経験・年齢不問！40～60代活躍中！】◎普通運転免許(AT限定可) ★主体性を持ち、向上心を持って仕事に向かえる方を歓迎します！,【転勤なし！U・Iターン歓迎】 ■札幌・仙台・新潟・横浜から勤務地をお選びいただけます！ ◎札幌…,"月給：233,000円〜283,000円＋インセンティブ＋各種手当 ※能力・経験を考慮の上、決定いたします。 ※…"
149,GMOインターネット株式会社 | 【東証一部上場】★原則定時退社★完全週休2日制★服装自由,【サポート事務】★年休121日★正社員登用制度あり★仙台限定 契約社員,契約社員,【セールス要素ナシ】カスタマーサポート業務（電話・メール対応など）をお任せいたします★服装自由・ネイル・ピアスOKなので自分らしく働けます◎,【未経験歓迎／20～30代活躍中】◆PCで文字入力ができる方でもOK！◆パート・アルバイトからの転職も歓迎★希望者全員が“正社員登用”を叶えています,＜仙台オフィス＞ 宮城県仙台市青葉区本町1-1-1 大樹生命仙台ビル（アジュール仙台） ※2020…,月給:19.2万円〜＋時間外手当 ※経験・能力等により決定 ※残業代100%支給（原則残業なしの運営を目指し…
150,スマートメディカル株式会社 | <仙台支店>未来に通用するエンジニアへ！／完全週休2日(土日休),【ITエンジニア(サーバ構築/管理)】★資格取得・講習参加支援有 正社員,正社員,【スキルや経験を考慮します☆】ITインフラ運用業務やサーバ構築などのインフラエンジニア業務。,【学歴・年齢不問】ITエンジニアの実務経験がある方 ☆Linux系のサーバ運用業務の経験者は大歓迎！☆,【UIターン希望者も歓迎！／家賃補助あり】 仙台市内での勤務となります。 ※案件に応じた、クライア…,月給25万円〜50万円 ＋ 残業代 ＋ 諸手当 ※経験、年齢を考慮し当社規定により優遇します。
151,株式会社TAXEL会計 | 【未経験者OK】男女とも育休実績あり！働きやすい職場です。,年間休日125日！オンもオフも充実できる【経営コンサルタント】 正社員,正社員,【幅広い業務で企業を支える経営コンサルタント】各種申告業務や巡回監査、経営のアドバイスなどをお任せします。☆未経験安心の研修制度あり,【未経験者歓迎／第二新卒／UIターン希望者も歓迎！】異業種からのチャレンジもOK！＜必須条件＞■要普通免許 ■学歴不問 ■簿記3級以上,【転勤なし／駅から徒歩3分の好立地！】 ■本社 宮城県仙台市青葉区本町2丁目14-27 加金ビル…,"月給：150,000円〜250,000円 ＋ 各種手当 ※経験・能力を考慮のうえ、当社規程により決定いたします。 ※…"
152,大井電気株式会社 | 【JASDAQ上場】福利厚生充実／年休124日／今年度賞与4.6か月支給,経験を活かして活躍！【総務スタッフ】アットホームな雰囲気◎ 正社員,正社員,◆勤怠管理・給与計算・社会保険関連など…総務業務全般をお任せします。　◆入社後は面倒見の良い先輩が当社でのお仕事について教えていきます！,◆応募条件：総務の実務経験5年以上、PCスキル(Excel・ピボットテーブル・Word)　◆意欲のある方歓迎！,【本社】 横浜市港北区菊名7-3-16 ＜アクセス＞ JR・東横線「菊名駅」より徒歩7分 ※総合職…,"■高卒／月給168,000円以上 ■短大卒／月給182,000円以上 ■高専卒／月給190,500円以上 ■大卒／月給215,…"
153,大井電気株式会社 | 【JASDAQ上場】情報通信機器メーカーとして70年の歴史！,自社製品の品質向上に大きく貢献！【品質保証】※残業ほぼなし 正社員,正社員,【未経験からじっくり育成】発電所・駅・空港・プラント施設など、社会インフラに多く導入されている当社の情報通信機器の品質保証業務をお任せします,【職種未経験歓迎！】「化学に関する知識をお持ちの方（実務経験不問）」または「電気設計またはソフトウェア設計の実務経験5年以上の方」,■U・Iターン希望者も大歓迎！　■マイカー通勤OK！ 【水沢製作所】 岩手県奥州市水沢真城折居10…,"■高卒/月給168,000円以上 ■短大卒/月給182,000円以上 ■高専卒/月給190,500円以上 ■大卒/月給215,500…"
154,大井電気株式会社 | 【JASDAQ上場】社員寮や資格取得支援有／完全週休2日制(土日祝),★未経験歓迎【製造スタッフ】創業70年の老舗メーカーで活躍！ 正社員,正社員,【未経験からじっくり育成】発電所・鉄道・空港などに導入される情報通信機器の組立・検査をお任せします★資格取得も手厚く支援！★年間休日124日,【未経験歓迎！意欲重視の採用！】◆高卒以上◆社会人経験◆基本的なPCスキル★一生モノの技術・資格をイチから取得できます！◎U・Iターン歓迎！,★U・Iターン希望者も大歓迎！ ★マイカー通勤OK ■水沢製作所 岩手県奥州市水沢区真城折居106…,"■高卒／月給168,000円以上 ■短大卒／月給182,000円以上 ■高専卒／月給190,500円以上 ■大卒／月給215,…"
155,株式会社日本エコライフ | 長野支店,ノルマなし・飛込なし！【新プロジェクト0円太陽光の営業】 正社員,正社員,電気料金即削減で10年後には無償で譲渡するサービス「0円太陽光プロジェクト」プロジェクトを広めていただくお仕事,業界未経験者や異業種からの転職も大歓迎！【年齢不問】20代～50代のスタッフが多数活躍中！,長野県長野市南千歳1-15-3 TSビル 7階,月給21万円＋歩合・手当 ★試用期間2ヶ月間月給18万円+各種手当 　月収28万円以上可能。 ★月収80万円以…
156,株式会社リライアブル | 未経験者歓迎！／マイカー通勤OK／おしゃれなオフィスで働く♪,【営業アシスタント】★女性活躍中★ 残業は月10h程度／転勤なし 正社員,正社員,営業さんのサポート業務を中心に、物件の写真撮影、情報サイトへのデータ入力、来客・電話対応などをお任せします。知識は入社後に覚えてもらえばOK◎,【未経験者・第二新卒歓迎！】◎30歳以下* ◎要普免(AT限定可) ◎この仕事に興味がある方 ◎人と話をすることが好きな方 <年2回8～10連休あり♪>,【転勤なし／マイカー通勤OK】 宮城県仙台市青葉区広瀬町4-27-2 ※社員全員がマイカー通勤です…,月給20万円〜(一律手当含む) ※あなたの経験・能力を考慮し、優遇させていただきます。 ※試用期間3ヶ月…
157,大井電気株式会社 | 【JASDAQ上場】情報通信機器メーカーとして70年の歴史！,【社内SE】年休120日以上 / 残業月平均10h ※将来の幹部候補 正社員,正社員,《100％自社内開発×上流工程》JASDAQ上場企業の社内SEとして、基幹システムの企画・設計などをお任せします。※残業月平均10hの働きやすい環境,■大卒以上 ■情報システムの企画・構築経験をお持ちの方 ※通信機器・エレクトロニクスメーカーで情報システム構築に携わった経験のある方を歓迎！,■U・Iターン希望者も大歓迎！ 【本社】 横浜市港北区菊名7-3-16 【水沢製作所】 岩手県奥州…,"■大卒／月給215,500円以上 ■院卒／月給239,500円以上 ※上記は新卒入社の初任給です。 　年齢、経験、…"
158,株式会社ウェブ | ＜日本全国に22拠点を展開する安定基盤＞★週休2日★残業ゼロ,【結婚アドバイザー】お客様の幸せをサポート☆女性活躍中☆ 正社員,正社員,【ムリな勧誘はありません】アポイントをいただいたお客様を訪問し、婚活の無料相談を行いアドバイスをするお仕事です。女性メンバーが活躍中です♪,【年齢・経験不問、未経験歓迎】＊普通自動車運転免許(AT限定可)※自家用車の持ち込み可＊9割以上の社員が未経験からスタート ＊30代～50代活躍中,【仙台支店】 宮城県仙台市青葉区本町2-1-8 第一広瀬ビル 5F アクセス：地下鉄広瀬通駅より徒…,月給17万円以上＋各種手当＋報奨金 ※勤務地による ※経験・能力を考慮して決定します。 ※試用期間6ヵ月…
159,株式会社半田屋 | <創業66年の安定基盤> 人物重視の採用／様々なキャリアパスあり,【総合職(店舗運営／経理)】★月8日休み・新店舗もOPEN予定★ 正社員,正社員,経験やスキルに応じて配属。<店舗運営>接客・調理、仕入れ・売上等の管理面、シフト作成など <経理>経理業務、伝票・試算表・決算書の作成管理など,20～30代の若手活躍中！【未経験OK／人柄重視の採用】◎高卒以上 ◎要普免(AT限定可/業務上使用します) ★飲食店や接客の基礎知識がある方は歓迎！,【希望勤務地を考慮！転居を伴う転勤なし】 ★店舗運営…宮城県、北海道、秋田県のいずれかの店舗 ★経…,"月給200,000円〜300,000円 ※年齢、経験、能力を考慮の上、決定いたします。 ※3ヶ月試用期間あり（期間…"
160,株式会社オフィスメディア | 【仙台に根差して34年！】◆賞与：最大15ヶ月分の支給実績あり◆,オフィスや店舗などの【仲介営業】年休115日(土日祝)/残業月20h 正社員,正社員,【仙台市内の既存取引先が中心！】オフィス・店舗・倉庫等の空き店舗物件の情報収集、物件をお探しの方への問い合わせ対応などを行っていただきます。,【20代後半～30代活躍中！】◎法人営業の経験者(実務経験3年以上の方は歓迎！) ◎要普免(AT限定可) ★不動産の知識がある方は活かせます！,【転勤なし／UIターン歓迎】 ★仙台市内(青葉区・泉区・若林区)のいずれかの拠点 <本社> 宮城県…,"月給201,500円〜249,750円(一律手当含む)＋賞与年2回(平均計6ヶ月分) ※固定残業代(30時間分／50,000円…"
161,大成設備株式会社 | 「給料が高く新卒も辞めない企業」上位★「ホワイト500」認定,東証一部上場・大成建設グループで活躍【施工管理】☆20代活躍中 契約社員,契約社員,≪有名施設を手がけるチャンスも≫ 当社が手がける建設現場において工程・品質・安全等の管理業務を担当する施工管理職(空調・衛生・電気),■空調・衛生・電気設備工事における施工管理の経験や資格をお持ちの方 ★多くの先輩が正社員に！最短1年で正社員登用が可能★,《全国事業所での募集となります》 ※勤務地はあなたの希望を考慮します 事業所：東京・北海道・宮城・…,月給:23万円〜39万円 ※経験、能力などを考慮の上、当社規定により決定いたします。 ※採用初年度は嘱…
162,ぴあ株式会社 | 【東北エリア限定採用】★正社員登用制度あり★転勤なし★,東証一部上場企業で活躍！【企画営業兼事務(チケット情報管理)】 契約社員,契約社員,【東北限定】『チケットぴあ』で扱うスポーツイベント(主にサッカー等)チケットの仕入れ～販売プロモーション、チケット情報管理等幅広い業務をお任せ,【未経験・第二新卒歓迎】◆社会人経験者(年数不問) ★「上場企業で活躍したい」「東北でずっと働きたい」「スポーツが好き」など、理由は何でもOK！,——★仙台勤務・転勤なし！U・Iターン歓迎！ 【東北支局】 宮城県仙台市青葉区本町2-15-1　ル…,"月給209,250円〜338,800円 ※能力、経験、前職給与などを考慮のうえ、優遇いたします。 ※上記には、50時…"
163,文化シヤッター株式会社 | 【東証一部上場】国内トップクラスのシェアを誇る業界パイオニア,【取付工事スタッフ】◆土日祝休み★年間休日124日★残業少なめ 正社員,正社員,《新設部署のメンバー募集です！》シャッター等の取付作業をお任せします。★有名スポットや大型商業施設で、「自分の仕事」と胸を張れる仕事を！,【未経験・第二新卒歓迎】「モノづくりが好き」「手に職をつけたい」方歓迎★手厚い研修と充実のサポート体制,<勤務地は希望を考慮します> ◆東京本社 東京都文京区西片1丁目17番3号 【アクセス】 都営三田…,月給：22万〜40万円 ※経験・年数を考慮の上、当社規定により優遇します。 ※入社後〜1年間は契約社員（…
164,北海道地図株式会社 | ★創業60年以上の実績ある地図コンサルティング会社★,地図製作の【企画提案営業】◎20～30代の若手活躍中！ 正社員,正社員,《年間休日125日》地図のほか印刷物、映像、スマホアプリなどを企画・提案 既存顧客やテーマに沿った営業が中心となります。,《未経験・第二新卒歓迎》●39歳以下（若年層の長期キャリア形成を図るため） ●大卒以上 ●要普免許（AT限可）◎営業など対人経験は活かせます！,東京都千代田区永田町、仙台市青葉区、札幌市白石区、旭川市での募集です！ ※希望を考慮の上、配属とな…,■東京 月給24.8万円以上(一律営業手当・地域手当込み) ※試用期間最大6ヶ月あり。試用期間中は月給23.8…
165,株式会社ヒト・コミュニケーションズ | 【設立以降、23期連続で増収!】土日祝休／年休120日以上／残業少,東証一部上場グループの【事務スタッフ(総務・営業サポート)】 契約社員,契約社員,週次・月次報告資料の作成サポート、稟議書・経費申請のチェック、役員のスケジュール管理などをお任せ。※ゆくゆくは営業業務にも携われます。,【安定企業で働きたい方はぜひ!】◎性別不問 ◎高卒以上 ◆営業経験をお持ちの方(業界・年数は問いません) ☆企業成長を実感できるポジションで活躍,【大阪・梅田駅から徒歩5分！地下街を通って通勤できます♪】 ◆関西支社／大阪府大阪市北区梅田2-4…,時給1300円〜 + 交通費全額支給 ※経験・能力に応じて考慮します 《モデル月収例》※月22日勤務／残業10…
166,株式会社九州ハイテック | 【 17期連続売上拡大中！大手企業との取引多数で安定経営！】,” 特許取得製品 ”にも携わり、企業成長を支える【開発】 正社員,正社員,◎自社で開発している床用コーティング剤『ファインコート』の改良や新商品の開発業務全般をお任せします。,《 研究心・探究心のある方 》 ※化学または工学の知識をお持ちの方歓迎！(習熟レベルは問いません) ◎要普免(AT限定可) ◎学歴不問・第二新卒歓迎！,◆UIターン歓迎！ 希望を最大限考慮し、東京または鹿児島のいずれかに配属になります。 ■東京本部／…,月給25万円〜40万円 ＋ 諸手当 ※上記はあくまで最低給与額です。 　年齢・経験を考慮し決定いたします…
167,弁護士法人 平松剛法律事務所 | 平均年齢30歳／産育休取得実績／家賃補助／資格取得支援,法律事務所の【経理】☆土日祝休み・年休127日・残業少なめ！ 正社員,正社員,当社の総務チームの経理スタッフとして、経理業務全般を経験やスキルに応じた業務からお任せ。※法律事務所が初めてでも、もちろん大丈夫です！,【応募条件：◆高卒以上 ◆簿記3級or経理経験1年以上】※一人ひとりのスキルや経験に応じて、出来る範囲の業務からお任せしていきます！,◎転勤なし ◎銀座駅から徒歩3分の好立地！ 東京事務所 東京都中央区銀座6-2-1 Daiwa銀座…,月給23〜33万円 ★給与例：月給28〜40万円（簿記2級以上かつ実務経験3年以上の場合） ★給与例：月給33〜…
168,弁護士法人 平松剛法律事務所 | 【平均年齢30歳】【産育休取得実績】【家賃補助】【男性活躍中】,法律事務所の【事務員】未経験OK／残業月5～10h／年休127日 正社員,正社員,【専門知識やスキルは不要！】相談の一次的対応や書類作成の補助等、アシスタント業務をお願いします。,☆未経験・育児中の方も歓迎！【応募条件】高卒以上・基本的なPCスキル(Word・Excel・PowerPoint) 　◎責任感がある方　◎意欲的に仕事に取り組める方,★東京・千葉（新設）・名古屋・京都での募集／転勤なし ★立川・大宮でもオープンを予定 ●東京事務所…,東京事務所　　月給23〜26万円 千葉事務所　　月給21.5〜26万円 名古屋事務所　月給19〜23万円 京都事務…
169,株式会社クラウドスミス | <自社内案件多数!>賞与年2回＋決算賞与/私服勤務/フレックスあり,WEB系開発の【システムエンジニア】★年間休日120日(土日祝) 正社員,正社員,経験やスキルに合わせてWEB系案件の設計～開発をお任せします。クライアント直案件も多く、新しい技術や早期から上流工程を経験することも可能です。,◎WEB系開発の経験者(未経験でも自己学習で相応のスキルがある方は歓迎) ◎PHP・JavaScript・Javaのいずれかの言語スキル必須 <社内の勉強会も充実!>,【転勤なし／UIターン歓迎！】 宮城県仙台市青葉区二日町13-18 ステーションプラザビル706…,年俸280万円〜500万円 ※経験・能力に応じて当社規定により優遇します ※試用期間3ヵ月あり（条件面変更…
170,大日本土木株式会社 | 100年近くの歴史を持つ総合建設会社！★正社員登用実績多数,【施工管理（建築、土木、空調・給排水設備、電気設備）】 契約社員,契約社員,建築（建築、空調・給排水設備、電気設備）・土木の各現場にて、施工管理業務をお任せします。,建設会社での施工管理経験をお持ちの方で、各施工管理技士の1級の有資格者,日本国内・海外の施工現場 ※勤務地は希望を考慮します ※現場への直行直帰になります。 【事業所】…,月給24〜48万円 + 各種諸手当 ※年齢、経験、能力を考慮の上、優遇いたします
171,株式会社 ジェイマックシステム | 【札幌募集】医療の現場を、ITで支えている会社です。,医療向けサービスのインフラを整える【クラウドエンジニア】 正社員,正社員,《充実の育成体制》自社クラウドシステムの、設計構築～安定稼働のための運用サポートをお任せします！あなたもクラウドのプロフェッショナルへ！,【経験不問】◎大卒以上 ◎要普免 ◎クラウド／クラウドエンジニアに興味がある方 《医療システム対応の経験者は優遇／充実の教育体制で安心！》,【転勤なし／駅チカ好立地】 <本社> 北海道札幌市中央区北4条東1丁目2-3 (札幌フコク生命ビル…,年俸制：300万円〜450万円(一律手当含む) ※上記には固定残業代 月30h分(4.7万円〜7.1万円)を含み、超過…
172,丸栄コンクリート工業株式会社 | <仙台・郡山での限定募集>【各種手当・福利厚生も充実！】,【ルート営業】20～30代の若手活躍中/年間休日120日！ 正社員,正社員,【既存顧客メインのルート営業】コンクリート二次製品の提案～納品を担当。取引先は公共事業を中心に官公庁・設計コンサルタント・建設会社です！,【未経験・第二新卒/UIJターン歓迎】◆要普免 ◆35歳以下 ◆建設・土木・コンサル経験が活かせます《自信を持って提案できる商品力・技術力が武器！》,【UIターン歓迎！】 仙台・郡山のいずれかの拠点 [仙台支店] ★仙台駅から徒歩6分 宮城県仙台市…,"月給218,800円以上 ※経験・年齢を考慮の上、当社規定により優遇します。 ※試用期間6ヵ月（給与の変動…"
173,株式会社タクマ | 【東証一部上場】環境保全・エネルギープラントのパイオニア企業,東京、北海道、宮城県募集【プラント施工監理（機械／元請）】 正社員,正社員,各種プラントの施工監理業務（機械/電気）を担当します。元請けの立場として工事計画や見積もり、現地調査、受発注業務、施工監理業務をお任せします,《WEB面接も可》【必須条件】◆高専卒以上　◆機械・電気系の学科を卒業した方◆（プラント工事）または（電気工事）いずれかの施工管理経験がある方,東京支社／東京都港区芝浦3丁目9番1号（芝浦ルネサイトタワー） 東北支店／宮城県仙台市青葉区一番町…,月給22万310円〜（一律手当含む）＋諸手当 ※年齢・経験・スキルを十分考慮の上、当社規定により優遇いた…
174,株式会社 ジェイマックシステム | 【札幌募集】医療に特化したシステムを、自社で開発～保守運用,医療の現場にITで貢献！【クラウドアプリ開発】<年間休日123日> 正社員,正社員,《100%自社開発》医療施設／関連施設向けのクラウドアプリ開発に携わっていただきます。設計構築～運用サポートまで一貫して携われます！,【経験不問】◎大卒以上 ◎要普免 ◎何らかのシステム開発経験がある方 ◎チームワークを意識できる方 ★JavaScript／Python／PHPのスキルは尚歓迎,【転勤なし／駅チカ好立地】 <本社> 北海道札幌市中央区北4条東1丁目2-3 (札幌フコク生命ビル…,年俸制：300万円〜450万円(一律手当含む) ※上記には固定残業代 月30h分(4.7万円〜7.1万円)を含み、超過…
175,東京セメント工業株式会社 | ★創業70年超の老舗メーカー ★各種手当充実 ★完全週休二日,老舗メーカーで活躍！【営業】業界未経験・第二新卒歓迎★残業少 正社員,正社員,【国際的な競技場やリニア案件でも製品を供給！】自社工場で製造するコンクリート二次製品の営業職を担当。＊既存の顧客を担当するルート営業です。,●年齢不問 ●営業経験をお持ちの方（業界不問）●普通自動車免許（AT限定可）＊残業は月平均20～30時間程度。メリハリ付けて働けます！,【UIターン歓迎／本社（八王子）または仙台にて募集／マイカー通勤可】 ●本社 東京都八王子市台町2…,月給：20万〜33万円 + 各種手当 + 賞与年2回 ★経験・年齢を考慮の上、優遇いたします。 ★試用期間6ヶ…
176,セルコホーム株式会社 | ＜年収700万円も可！＞☆転勤なし ☆地域密着の大手住宅メーカー,輸入住宅のパイオニアで活躍！【建築施工管理】☆土日祝休み 正社員,正社員,【今注目の木構造に携わりスキルアップを！】☆木造の商業施設や福祉・医療施設、公共施設などの施工管理としてご活躍いただきます,【U・Iターン希望者・第二新卒歓迎！】≪必須条件≫：要普通免許、1級建築施工管理技士の資格をお持ちの方、建築施工管理の実務経験をお持ちの方,【転勤なし／マイカー通勤可】 宮城県仙台市宮城野区苦竹3-1-12 ※現場のある日は直行直帰になり…,"月給245,300円〜433,800円 ※年齢、経験、スキルを考慮のうえ、当社規定により優遇いたします。"
177,株式会社EPファーマライン | EPSホールディングス株式会社（東証一部上場）グループ,経験を活かし、医療業界で働く【提案営業】 正社員,正社員,《仕事を通じて人と社会に貢献！》医薬品・医療機器・ヘルスケア関連業界に、当社が提供する各種アウトソーシングサービスの提案をします。,【応募条件】大卒以上／製薬企業での営業経験がある方,【転勤なし】★池袋駅 地下1b出口直結 駅から雨に濡れずに通える、通勤に便利な立地です！ 本社／東…,年俸／450万円〜700万円スタート ★年俸額の1/12を月々支給します。 ・経験、年齢などを考慮して決定い…
178,"東日本コンクリート株式会社 | 東証一部上場の""株式会社ビーアールホールディングス""のグループ",残業月20h・年間休日120日・正社員登用率100%!【土木施工管理】 契約社員,契約社員,<過去5年の社員定着率96％!>橋梁、防災施設等(新設、修繕)の土木工事現場の施工管理者として工程管理、品質管理、安全管理、原価管理等の業務を担当。,"30～40代が活躍中！【""即戦力""の募集】◎1級土木施工管理技士の有資格者 ★資格取得の支援あり(テキストや講習・受験費用は2度の受験まで全額負担！)",【転勤なし／UIターン歓迎！】 宮城県仙台市青葉区一番町2丁目2-13 仙建ビル5階 ※現場は東北…,月給22万円〜38万円＋各種手当+賞与年3回 ※あなたの経験、資格、年齢等を考慮し当社規定により優遇しま…
179,ミライフ東日本株式会社 | 東証一部上場の『シナネンホールディングス(株)』のグループ会社,★月給50万円以上を保証★ 即戦力募集のレア求人！【人事総務】 正社員,正社員,【人事総務分野で会社全体のマネジメントを担当】◎目標作成・目標管理 ◎制度設計 ◎採用計画の策定 など ※スキルを活かしてご活躍ください！,【幹部クラスのマネージャー採用！年齢不問です】◎人事総務での実務経験 ◎マネジメント経験(約10年以上) ◎目標管理、研修設計の経験,【転勤なし】 宮城県仙台市青葉区国分町3-6-1　仙台パークビル12階,月給50万円以上 ※経験、スキル等を考慮し当社規定により優遇します ※試用期間3ヵ月間は同条件
180,株式会社システムロード,自社内開発多数【SE】★年間休日127日(土日祝休) ★資格支援あり 正社員,正社員,【大手企業向けや地元優良企業向けのシステム開発】これまでの経験に応じて、要件定義・基本設計～プログラミングをお任せします。,【必須】オープン系もしくはWeb系システムの開発経験者 ※言語不問、経験フェーズ不問。大学で学んだ程度というかたも歓迎！,宮城県仙台市青葉区一番町二丁目1番2号　NMF仙台青葉通りビル6F,"月給：195,000円〜289,000円 ※経験・年齢を考慮の上、当社規定により優遇します。 ◆試用期間3ヶ月（待…"
181,立川装備株式会社 | 【大阪府緊急雇用対策に賛同】★上場メーカー100％子会社,【法人営業】大阪勤務★月平均残業20h★年休124日 正社員,正社員,【ブラインド・スクリーン類の国内トップシェア！】親会社「立川ブラインド工業株式会社」の製品、およびその他内装建材製品全般の提案営業をお任せ！,【学歴不問】法人営業経験（業界・年数不問）・普通自動車運転免許 ★建材、建築、内装業界の経験があれば歓迎！（業界未経験者も多く活躍中！）,【大阪支店】大阪府大阪市北区中津2-3-5 地下鉄御堂筋線「中津駅」徒歩4分 阪急線「中津駅」より…,"【月給】225,700円〜269,500円（一律固定手当5,000円含む） ※経験・年齢・スキル等に応じて決定していき…"
182,株式会社イチネン | 東証一部上場グループ＆創業90年＆17期連続増益の安定基盤を確立,自動車リースの【法人営業】◎年休124日◎土日祝休み※仙台募集 正社員,正社員,自動車リースの導入のご提案をお任せします。※あらゆるメーカーの車種を扱えるので、お客様ニーズに確実に応えられる提案が可能です,応募条件◆大卒以上◆要普免◆自動車リースの法人営業経験が2年以上ある方 ／東証一部上場グループならではの手厚い手当や福利厚生のもとで働けます,◎「北四番丁」駅から徒歩2分の好立地！ ◆東北支店 宮城県仙台市青葉区上杉一丁目6番6号　イースタ…,"◆日給月給225,000円〜302,700円 ※経験・スキル・現職給与等を考慮して決定 ※固定残業代(4時間21分〜5…"
183,東京セメント工業株式会社 | ★創業70年超の老舗メーカー ★各種手当充実 ★完全週休二日,業界未経験歓迎！【生産管理】★残業月平均10H程度★土日祝休み 正社員,正社員,【国際的な競技場やリニア案件でも製品を供給！】コンクリート製品を製造する工場での管理業務。生産計画・工程管理・設備管理等を主にお任せします。,●年齢不問 ●生産管理の業務に携わった経験をお持ちの方（業界は不問）＊残業は月平均10時間程度。メリハリ付けて働けます！,【基本転勤なし／UIターン歓迎／神奈川工場（相模原市緑区）にて募集／マイカー通勤可】 ●神奈川工場…,月給：25万〜35万円 + 各種手当 + 賞与年2回 ★経験・年齢を考慮の上、優遇いたします。 ★試用期間6ヶ…
184,一般財団法人宮城県建築住宅センター | 建築・住宅審査・検査業務を担う！宮城県内で確かな実績あり,【機械設備(建築設備)工事施工管理】※完全週休二日制・転勤なし 正社員,正社員,◎宮城県、県内市町村等公共団体から委託を受け、建築・設備工事に関する工事監理支援業務を行います。,【経験者限定募集(*)】◎高卒以上：工業系の学部学科卒の方 ◎管工事施工管理技士の取得者は歓迎,【転勤なし】 仙台市青葉区本町三丁目5番21号　アーカス本町6階,"高卒初任給：月給20万4,000円〜 大卒初任給：月給22万円〜 ※経験、年齢等を考慮の上、決定。 ※試用期間…"
185,東北ミサワホーム株式会社 | 大手地場企業のブランド力が強み！ ★年間休日122日,《 研修＆OJT充実 》経験やスキルを活かして活躍！【営業】 正社員,正社員,集客方法はWebや広告…ニーズのあるお客様にミサワホームの注文住宅提案～アフターフォローまで担当,◎高卒以上 ◎要普免(AT限定可) ◎住宅の営業経験、宅地建物取引士、建築士、インテリアコーディネーター、いずれかの経験や資格をお持ちの方,【UIターン歓迎／マイカー通勤OK】 仙台・山形・郡山・盛岡・青森・秋田のいずれかの支店 ※希望勤…,"月給180,000円〜300,000円＋各種手当+報奨金 ※年齢、職歴、経験等に応じて決定します"
186,株式会社YKP建築設計コンサルタント | 【雄健工業グループ】★中途入社率95％ ★資格手当あり,【建築構造設計】★年間休日123日★土日祝休み★残業月30h以内 正社員,正社員,自走式立体駐車場or一般建築物の建築構造に関わる全業務を担当。構造設計業務、地盤調査計画、コストチェック、耐震診断、構造図作成、現場監理など,【第二新卒歓迎・学歴不問】◆構造設計業務or設計監理業務の知識をお持ちの方 ◇構造設計1級建築士または建築士の有資格者は活かせます！,★転勤無し・U/Iターン歓迎★ ※勤務地は希望を考慮いたします ■東京本店 東京都港区芝大門2-1…,月給25万〜40万円 ※前職の給与を最大限考慮します！ ※経験・年齢・スキル・資格などを考慮し、話し合い…
187,マルコメ株式会社 | 【マルコメ君でおなじみ！】日本を代表する発酵食品メーカー！,【法人営業】※全国転勤有　★発酵食品のリーディングカンパニー 正社員,正社員,【法人への営業】みそ・糀をはじめとする発酵食品の営業活動！ヒアリングからご提案、受注からアフターフォローまでをお任せします。,【人物重視の採用】35歳以下の方※発酵食品のリーディングカンパニーでさらなる成長を！時代に先駆けた取り組みで成長を続ける当社で活躍しませんか？,北海道・宮城・東京・群馬・ 静岡・石川・長野・愛知・兵庫・広島・香川の各拠点 【東京本部】 東京都…,月給21万円〜 ※経験、資格、能力等を考慮の上、決定します。 ※詳細につきましては、面接時にご相談くだ…
188,株式会社アタックス | 年間休日124日(土日祝)／家族手当・資格手当も充実◎,【経営コンサルタント】経営課題の解決を幅広くサポート！ 正社員,正社員,【仙台】ビジネスコンサルタント ～転勤なし・東北の企業経営・事業再生のパートナー～,【実務経験がない方も歓迎！】◎大卒以上 ◎社会人経験の中で、何らかの課題解決や改善を行ったことがある方 ★資格取得に向けて勉強中の方も歓迎です,【転勤なし／UIターン歓迎／仙台駅より徒歩1分】 <仙台事務所> 宮城県仙台市青葉区中央1-2-3…,"月給239,500円〜 ※試用期間6ヶ月(同条件) ※経験・能力・資格に応じて決定いたします。 【充実の研修…"
189,池田建設株式会社 | 創業89年の安定基盤を誇る／年休120日以上・完休2日などオフも◎,世界遺産・現代建築を未来へ【提案営業】※経験者募集 正社員,正社員,公共もしくは民間企業に向けた提案営業をお任せ。※世界遺産の薬師寺や重要文化財の護国寺、近代建築、インフラ整備に至るまで幅広く手掛けています。,◆第一種普通自動車運転免許（AT限定可）◆ゼネコンでの営業経験　※マネジメント経験がある方は歓迎！ゆくゆくは東北支店長としてのキャリアも可能。,◆転勤無し＆U・Iターン歓迎 ◆仙台市（五橋駅徒歩1分）にてご活躍いただきます 東北支店／宮城県仙…,年俸 500万円〜700万円 ※上記金額の12分の1を毎月支給 ※上記金額には、月30時間相当分の固定残業代と…
190,三菱地所プロパティマネジメント株式会社 | 【三菱地所グループ】業界トップクラスの安定基盤,【建築技術系総合職】※全国募集◆年休125日◆フレックス勤務可 正社員,正社員,受託ビルにおける工事提案、施工管理、監理業務をお任せします。受託ビルのほとんどが大規模なオフィスビルや複合ビルです。,次のいずれかの経験をお持ちの方：設計事務所での設計監理業務経験／改修工事経験／ゼネコン・サブコンなどでの設計・工務・施工管理経験,全国の各拠点に配属となります。 【首都圏】 東京都千代田区丸の内2-2-3 丸の内仲通りビル2階…,"月給289,400円〜413,840円 ※固定残業手当は月20時間該当分、41,200円〜58,940円を含む 　超過した時間外…"
191,株式会社ニア | 年間休日125日×残業月10H×経験の浅い方も自信をもって働ける！,★約束★最後の転職先になる環境を用意！【IT・WEBエンジニア)】 正社員,正社員,【スキルや適性に合ったプロジェクトに携わっていただきます☆】様々な内容・規模のプロジェクトがあり、スキルや目標にあったお仕事をお任せします！,<20～30代活躍中！>◎何かしらの開発エンジニアの経験がある方(言語不問) ★将来の夢やキャリアプランを一緒に話しましょう,【転勤なし・交通費全額支給！】 本社／宮城県仙台市青葉区五橋1-7-15 ピースビル五橋6階 ＜屋…,月給25万円〜45万円 ※固定残業代4.8万円〜8.6万円（30時間分）含む。超過分は別途支給。 ※固定残業代…
192,株式会社シェルター | 《受賞歴・メディア掲載も多数！》☆年休112日　☆研修充実,注文住宅から大規模な木造建築にも携われる！【建築施工管理】 正社員,正社員,【注文住宅から役場庁舎・学校も施工！大規模な案件にもチャレンジできます】◎木造住宅・大規模木造建築の各種管理業務を担当,■建築施工管理の経験、もしくは建築施工管理技士 or 建築士（一級・二級）の有資格者☆自身のスキルをさらに伸ばしたい方大歓迎,【山形県山形市、宮城県仙台市、東京都港区での勤務】 ※勤務地は希望を考慮の上で決定します ◎本社…,"月給23万5,000円以上 ※経験、年齢等を考慮し当社規定により優遇あり ※試用期間3ヵ月も同条件"
193,宮城相扶株式会社 | 土日祝休み/年間休日115日/スキルを活かして、仙台で働く！,オフィスプラン提案の【ルート営業】※転勤なし/U・Iターン歓迎 正社員,正社員,【オフィスの机やイスなどの什器備品・レイアウトプランの提案営業】◎お客様比率は民間：官公庁＝8：2　◎仙台市内近郊エリア・社用車あり,【即戦力募集！顧客対応や新規開拓の経験がある方】◎高卒以上　◎要普免　◎法人営業の実務経験　☆業界トレンド・商品知識はあとからでOK,【転勤なし/U・Iターン歓迎】 仙台市青葉区立町27-21　仙台橋本ビルヂング1階,"月給219,500円〜290,800円（一律手当含む） ※固定残業代（39,090円〜、30時間分）含む。超過分は別途支…"
194,高柳電設工業株式会社 | ◎創業68年◎福島県内トップクラスの売上高,創業70年！官公庁案件多数！福島屈指の優良企業【電気設備工事】 正社員,正社員,主に商業施設や公共施設、病院や福祉施設、オフィス、工場・倉庫など様々な施設に向けた電気工事における施工管理業務全般をお任せします。,<学歴不問>◎電気工事の経験をお持ちの方、または電気工事関連資格（電気工事士、電気工事施工管理技士）をお持ちの方【要普免】,本社 〒963-8851福島県郡山市開成6丁目120番地 ■電車・バスの場合 JR東北本線（新幹線…,■月給：25万円〜43万円
195,株式会社東北システムズ・サポート | ≪入社時に有給支給＆年間休日120日＆フレックスタイム制導入≫,システム開発【PM】◎やりがい抜群◎主要取引先は50社以上 正社員,正社員,【上流工程から保守まで、システム開発全般をマネジメントを行います】◎入社と同時に年次有給休暇14日付与◎年3回の賞与支給で頑張りがしっかり評価,【学歴・資格不問】＜マネジメント経験のある方募集！＞◎勢いのある会社でマネジメントをしたい方歓迎◎年間休日120日◎再雇用制度あり,【盛岡・仙台・東京での勤務】 ※希望勤務地を考慮いたします ※盛岡/仙台への転勤が発生する場合もあ…,"（1）仙台、盛岡 月給:234,000円〜285,600円 （2）東京 月給:304,000円〜355,600円 【月収例】 （1）25…"
196,株式会社不二レーベル | オーダーメイドのラベル自動貼付機メーカー★設立54年の安定企業,年間休日122日★完全週休2日(土日)【ルート営業】 正社員,正社員,【商品の“顔”＝「ラベル」のデザイン提案～手がける！】既存のお客様へ、ラベルのデザイン～技術面までオーダーメイドでご提案！※月残業平均10h程,＼未経験・第二新卒歓迎！事業拡大につき複数名採用／【応募条件】★30歳まで(*) ★要普免(AT限定可) ◎OJT・座学研修など教育体制も万全です！,埼玉(本社)／大阪／宮城／福岡のいずれかへの配属となります(希望を考慮) ★U・Iターン歓迎 ★マ…,"【月給】21万5,000円〜26万7,000円＋賞与年2回 ※経験・年齢などを考慮し当社規定により決定します。 ※…"
197,株式会社薬王堂 | 東証一部上場の「薬王堂ホールディングス」グループ,【店舗の建築施工管理】年休111日(基本土日)/残業月平均10h程度 正社員,正社員,【東北エリアの出店を支える建築部門の募集】◎建築計画から外注対応まで、社内外と連携しながら業務を進めてください ※上場企業で福利厚生充実,【経験者を募集】◎店舗の施工管理など建築現場を管理された経験(年数不問) ※建築施工管理技士・建築士取得者は尚可,【本社(岩手県紫波郡矢巾街)、又は仙台事務所での勤務】 ◎本社 岩手県紫波郡矢巾町大字広宮沢第3地…,月給27万円〜37万円 ※経験、年齢等に応じ当社規定により優遇します ※試用期間3ヵ月間も同条件 ※上記は…
198,飛島建設株式会社 | 東証一部/創業137年/高い技術力あり/フレックスタイム/65歳定年,東証一部上場/創業137年の中堅ゼネコンの【土木施工管理】 正社員,正社員,《トンネル、ダム、シールド、橋梁、処理場など、全国の大型プロジェクトへの参画実績多数あり！》土木工事の施工管理業務をお任せします。,《専門学校・高専卒以上》◆1級土木施工管理技士の資格をお持ちの方,《入社時は希望勤務地に配慮》 【首都圏土木支店】 東京都港区港南一丁目8番15号 Ｗビル３Ｆ ≪ア…,"【月給】288,000円〜506,000円＋諸手当 ※経験・スキルなどを考慮のうえ、当社規程により決定いたします。"
199,飛島建設株式会社 | 東証一部/創業137年/高い技術力あり/フレックスタイム/65歳定年,東証一部上場/創業137年の中堅ゼネコンの【建築施工管理】 正社員,正社員,建築工事における施工管理業務や発注者等との交渉業務をお任せします。,≪専門学校・高専卒以上≫施工管理の実務経験や建築学科卒などのバックグラウンドをお持ちの方の募集となります！,《入社時は希望勤務地に配慮》 【首都圏建築支店】 東京都港区港南一丁目8番15号 Ｗビル３Ｆ ≪ア…,"【月給】288,000円〜506,000円＋諸手当 ※経験・スキルなどを考慮のうえ、当社規程により決定いたします。"
200,株式会社東北システムズ・サポート | ≪オフィス駅近＆年間休日120日＆フレックスタイム制導入≫,【サーバーエンジニア】フレックスタイム制導入/ 働きやすさ◎ 正社員,正社員,【IBM製品の運用・保守作業を行います】◎保守作業をしながら提案も行います◎自分にあった勤務時間で出社◎夜勤勤務なし◎プライベートも充実♪,【学歴・資格不問】＜実務経験のある方募集！＞◎インフラ運用・構築の経験者も歓迎します◎完全週休2日制＆年間休日120日！◎しっかり休める♪,【転勤なし！】 ■本社 宮城県仙台市青葉区中央1丁目6番35号 東京建物仙台ビル17F,"月給:175,000円〜350,000円 【月収例】200,000円〜389,000円 ※年齢・経験等を考慮し当社規定により決…"
201,ツヅキインフォテクノ東日本株式会社 | 東証一部上場 都築電気株式会社100%子会社/健康経営優良法人認定,《名古屋支店》通信設備の【技術スタッフ】*賞与4.3ヶ月分支給 正社員,正社員,電話など通信設備の設計、施工、保守などをお任せします。訪問先は法人のため、個人宅は一切ありません！インフラに関わるやりがいのある仕事です。,【未経験】29歳までの方（※）【経験者】電気通信設備の工事に関わる業務（年数不問）電気工事士の資格をお持ちの方は優遇します。,◆名古屋支店勤務 ◆最寄駅（千種駅）より徒歩1分 ◆U・Iターン転職希望者歓迎 〔所在地〕 愛知県…,"月給17万6,000円〜21万2,000円 ※経験・年齢を考慮の上、当社規定により優遇します。 ※試用期間6ヶ月あ…"
202,株式会社薬王堂 | 東証一部上場の「薬王堂ホールディングス」グループ,【店舗開発】※完全週休二日制(土日祝)・残業月平均11.2h 正社員,正社員,【各県における店舗開発業務】◎土地オーナーとの交渉から契約締結までの一連業務 ※東北エリアの出店になります,【学歴】高卒以上【いずれかの経験がある方】◎店舗開発経験(業界・年数不問) ◎不動産法人営業経験(年数不問),【東北六県のいずれかの勤務になります】 ※勤務地は希望を考慮します ◎岩手県 岩手県紫波郡矢巾町大…,月給23万円〜 ※経験、年齢等に応じ当社規定により優遇します
203,株式会社深松組 | 【創業95年／仙台本社】■転勤なし■売上高は100億円規模,賞与年2～3回/年間休日120日【土木施工管理】※有資格者限定募集 正社員,正社員,【現場は仙台・仙台近郊・宮城が中心で遠方なし】■官公庁案件が中心■橋梁や堤防、下水道整備、道路改良工事等の施工管理をお任せします。,【有資格者限定募集／学歴・年齢不問】■土木施工管理技士2級以上をお持ちの方■要普免《退職金制度、リフレッシュ休暇、ホテル提携等福利厚生充実》,【転勤なし／U・Iターン歓迎】 ■現場は仙台・仙台近郊を中心に宮城県が中心 ＜本社＞ 宮城県仙台市…,"月給：230,000円〜420,000円＋残業代等の各種手当 ※経験、能力を考慮の上、決定致します。"
204,株式会社日設 | 【ミライトグループ】「ワーク・ライフ・バランス推進企業」認定,【空調設備施工管理】※年間休日125日／完全週休2日制 正社員,正社員,【大型案件や公共関係の案件多数／案件のほとんどが元請】空調・給排水衛生・電気設備工事に関する施工管理業務をお任せします。,2級または1級管工事・電気工事施工管理技士をお持ちの方／　経験を活かし、安定した働きやすい環境で活躍したい方は是非ご応募ください。,希望勤務地を考慮します！＜本社または各支店・営業所近辺のプロジェクト先＞※直行直帰となります 【本…,"月給210,000円〜416,667円 ※経験や能力を考慮の上、決定します"
205,サンコーコンサルタント株式会社 | 東北支店,＼経験者採用／経験生かしてしっかり稼げる！【土木設計士】 契約社員,契約社員,東北支店では依頼された案件の主が、道路や河川の設計業務になり、【土木設計業務】を行っていただきます。,【土木設計士】◆必須：土木系の設計業務　◆歓迎：技術士RCCM、河川・道路の設計経験者,東北支店/仙台市青葉区堤町1-1-2,月給：30万円〜50万円 ※給与はスキル、年齢、経験、資格などを考慮し決定します。 ※上記月給は最低保…
206,株式会社深松組 | 【創業95年／仙台本社】■転勤なし■売上高は100億円規模,賞与年2～3回/年間休日120日【建築施工管理】※有資格者限定募集 正社員,正社員,【現場は仙台・仙台近郊・宮城が中心】■建築施工管理■マンション/工場/オフィス/商業施設/公共施設等の大規模な案件～各種改修・修繕まで多種多様！,【有資格者限定募集／学歴・年齢不問】■建築施工管理技士2級以上をお持ちの方■要普免《退職金制度、リフレッシュ休暇、ホテル提携等福利厚生充実》,【転勤なし／U・Iターン歓迎】 ■現場は仙台・仙台近郊を中心に宮城県が中心 ＜本社＞ 宮城県仙台市…,"月給：230,000円〜420,000円＋残業代等の各種手当 ※経験、能力を考慮の上、決定致します。"
207,株式会社豊国プラントシステム | 【ホウコクホールディングスグループ】業績好調／年間休日124日,農業を支える!【点検・調整】◎土日休み◎未経験歓迎 ※大阪勤務 正社員,正社員,〈 残業月20時間程度◎ 〉お米の乾燥機械などの点検、アフターサービス（下請け会社の手配や見積もり作成など）をお任せします。★研修制度も充実！,〈 未経験／第二新卒歓迎！〉◎大卒以上 ◎要普通免(AT限定可) ◎スケジュール調整が得意な方 ◎機械が好きな方 ★先輩も全員未経験からの入社です！,〈 転勤なし／UIターン歓迎 〉 関西営業所／ 大阪府大阪市西区北堀江1-8-12 （地下鉄「四ツ…,月給：20万円 〜 30万円＋各種諸手当 ※経験・年齢を考慮の上、当社規定により優遇いたします。 ※6ヶ月…
208,十全株式会社 | 【化学薬品の専門商社】◎年間休日125日/仙台支店募集,30歳以下限定募集！【ルート営業】年休125日/残業月平均10h 正社員,正社員,【官公庁や企業への定期訪問など既存顧客中心のルート営業】◎無機薬品・有機薬品・食品添加物・食品など化学薬品をニーズに合わせてご提案します,【未経験者歓迎】◎30歳以下の方（※） ◎要普免 ◎大卒以上/文理不問(知識はゼロから身につきます) ◎意欲重視のポテンシャル採用です！,◎宮城県仙台市青葉区一番町1-1-31 山口ビル5階 【転勤について】 入社後すぐの転勤はありませ…,"月給21万円〜28万5,000円 ※経験、年齢等を考慮し当社規定により優遇します"
209,空研工業株式会社 | 全国トップクラスの実績を誇る★年休124日でプライベート充実！,冷却塔の【品質管理】★豊富な手当！★前年度賞与5ヶ月！ 正社員,正社員,◎国内トップクラスのシェアを誇る当社の冷却塔に関する品質管理業務をお任せします　★リーディングカンパニーで輝くスキルを習得するチャンス！,【 増員募集 】メーカーにおける品質管理の業務経験が1年以上ある方　★20代・30代活躍中！　★ライフワークバランス重視の働き方が実現！,福岡県宮若市芹田586番地 ◎転勤なし ◎マイカー通勤OK ◎U・Iターン歓迎,月給23万3000円〜30万7000円 + 諸手当 ※上記はあくまで最低保証額です。 　年齢、経験、能力を考慮の上…
210,空研工業株式会社 | 全国トップクラスの実績を誇る★年休124日★前年度賞与5ヶ月,産業用冷却塔の【設計】＃転勤なし＃海外出張の可能性あり 正社員,正社員,◎海外プラント向けの産業用冷却塔の設計業務をお任せします　★世界で輝くチャンスがたくさん！　★さらなる技術力向上を目指したい方にもオススメ！,【 業績好調に伴う増員募集！】CADを使った設計業務の経験がある方（年数不問！）　★機械工学関連の知識をお持ちの方は尚良　★20代・30代活躍中,福岡支店／福岡県福岡市中央区大濠公園2-39 もしくは 福岡工場／宮若市芹田586番地 ※勤務地は…,月給23万3000円以上 + 諸手当 ※上記はあくまで最低保証額です。 　年齢、経験、能力を考慮の上、優遇し…
211,空研工業株式会社 | 全国トップクラスの実績を誇る★土日祝休み／年休124日,空調機器や給排設備の【設計職】☆前年度賞与5ヶ月分☆転勤なし 正社員,正社員,◎空調機器や、給排水における配置・配管の設計業務をお任せします　★設計には「2D-CAD」を主に使用！　★設計業務に集中できる環境が整っています！,【 業績好調に伴う増員募集！】◎管工事に限らず設計経験のある方　★20代・30代活躍中！　★ライフワークバランス重視の働き方が実現！,福岡県福岡市西区内浜2丁目4番38号 ◎転勤なし ◎マイカー通勤OK ◎U・Iターン歓迎,月給23万3000円以上 + 諸手当 ※上記はあくまで最低保証額です。 　年齢、経験、能力を考慮の上、優遇し…
212,三菱地所プロパティマネジメント株式会社 | 【三菱地所グループ】業界トップクラスの安定基盤,【営業管理系総合職（PM）】※全国募集◆年休125日/福利厚生充実 正社員,正社員,主にオフィスビルにおけるプロパティマネジメント業務全般を担当して頂きます。,◇大学院・大学卒以上 ◇以下いずれかの経験をお持ちの方⇒プロパティマネジメント業務経験／不動産業界での営業経験　★オフィスのPM経験者は歓迎！,【本社・東京都内各営業管理部】 東京都千代田区丸の内2-2-3 丸の内仲通りビル2階 ※対応エリア…,"月給289,400円〜413,840円(固定残業手当を含む) ※固定残業手当は月20時間該当分、41,200円〜58,940円を…"
213,古久根建設株式会社 | <医療・リネン系業界大手ワタキューグループ>,100％元請け案件で活躍！【施工管理】☆実務未経験歓迎 正社員,正社員,<入社後はOJTで学べます！>マンション・工場・医療福祉施設などの案件の施工管理業務。「元請け」の立場で現場全体をまとめてください！,【実務未経験・第二新卒歓迎！】◆建築または土木の知識をお持ちの方◎安心の環境でスキルアップしたい方はぜひ！◎勉強会や資格取得支援制度あり,◆関東エリア（東京・神奈川・千葉・埼玉）の各現場 ◆東北エリア（主に仙台周辺）の各現場 ☆勤務地は…,月給23万円以上＋時間外手当・家族手当など各種手当 ※経験・スキルを考慮し、当社規定により優遇致しま…
214,株式会社セレクティー | 『個別教室のアップル』◎仙台「四方よし」企業大賞・大賞受賞！,U・Iターン歓迎！【教室運営スタッフ】年休120日以上・賞与年3回 正社員,正社員,【高定着率の職場で長く活躍！】◎生徒に合わせた学習プランの作成 ◎生徒や保護者、講師へのフォロー業務 ★未経験者も安心の研修体制あり！,【応募条件：大卒以上】◎異業種からの転職者も多数活躍中です！ ◎人と接する仕事が好きな方は歓迎します！,宮城県仙台市内の各教室勤務 ※勤務地は希望を考慮します ◎仙台駅前教室・アップル予備校 仙台市青葉…,月給：20万円〜 ※経験、年齢等を考慮し当社規定により優遇 ※試用期間3ヵ月間も同条件 ※時間外手当をは…
215,斎久工業株式会社 | 《 まもなく創業100周年・ビルの総合快適クリエイター 》,【設備施工管理（給排水衛生・空気調和）】 正社員,正社員,【 水や空気を守る管理者 】★ビル建設に欠かせない「給排水」分野のパイオニア企業の施工管理業務をお任せ★,【年齢・学歴不問】◎施工管理の経験3年以上 ★1・2級管工事施工管理技士・消防設備士の資格保有者（取得予定者も可） は優遇 ★,◆東京支社（東京都千代田区丸の内2-5-2 三菱ビル4F） ◆札幌支店（北海道札幌市北区北7条西4…,《施工管理のご経験3年以上の方》 月給23万〜35万円 ＋ 賞与年2回 《設備施工管理のご経験5年以上の方…
216,ELJソーラーコーポレーション株式会社 | 11/23 マイナビ転職フェア新宿～20代の転職を応援～に出展します,魅力をPRする【広報・宣伝】★残業月10h以下 ★20代多数活躍中！ 正社員,正社員,＜ 商談日を決め、専任担当にバトンタッチ…までがあなたの役割 ＞チームワークが基本！¨ご家庭向けのエコシステム¨の魅力を広める広報のお仕事！,＜ 未経験から活躍できる ＞ ★38歳までの方(※) ★第二新卒OK ★産休・育休取得実績多数 ◎20代のスタッフを中心に活躍中！,＜ 宮城、群馬、埼玉、千葉、神奈川、新潟、静岡、愛知、京都、大阪、兵庫、岡山、広島、福岡、熊本での…,月給21.5万〜27万円（一律手当含む）＋ 報奨金 ※頑張りに応じて、加給優遇します。 ★ご案内したお客様…
217,アイフォーコム株式会社 | ＜2020年11月28日(土)マイナビ転職フェア町田＞出展決定！,自社商品開発に携われる【SE・PG】※年間休日125日 正社員,正社員,各種Web・オープン系システム開発・インフラ構築を中心にお任せ致します。★自社内開発・自社サービス開発にも携われます！,【20～30代中心に活躍中】やりがいの得られる環境で活躍したい、周囲とのコミュニケーションを大切にできる方★知識があれば業務未経験者も歓迎です！,当社の各開発拠点（横浜・相模原・札幌・盛岡・仙台・大阪・福岡）および首都圏のプロジェクト先 ※勤務…,月給：23万円〜50万円 ※前職給与、経験、能力等を考慮し、 　話し合いの上、決定いたします。 ※試用期…
218,株式会社寒河江測量設計事務所 | 《表彰実績多数！／最新機材を積極的に導入／早期キャリアUP可》,専門技術を活かして街を豊かに！【営業職】☆転勤なし 正社員,正社員,【円滑にプロジェクトを進めるための屋台骨】国土づくりに関する測量設計業務等の受注に向け、情報収集、営業資料、見積書の作成等を行います。,【人柄重視！業界未経験・第二新卒歓迎】 ☆要普通免許(AT限定可) ☆高卒以上 ☆営業経験をお持ちの方、建設・土木業界の経験・知識のある方大歓迎！,【転勤なし／U・Iターン歓迎】 ●本社 山形県寒河江市大字西根字長面153番地の1 ●交通アクセス…,"月給190,000円以上 ※経験・年齢を考慮の上、当社規定により優遇します。"
219,株式会社パーフェクション | 【営業なし！残業なし！ノルマなし！】制度&福利厚生も充実！,＜未経験者活躍中＞契約済のお客様先を訪問する【調査スタッフ】 正社員,正社員,【全国各地！】ご契約の意思を頂いているお客様先に訪問し、ご契約内容の復唱確認と通信環境の調査、契約書の回収を行うだけ！,【未経験者活躍中／学歴・経験不問！】全国出張楽しめる方大歓迎◎要普通免許（AT限定可）,【仙台駅から徒歩圏内♪】 宮城県仙台市青葉区本町1-12-12　GMビル6F ＼ オフィスの1階に…,"月給206,000円〜400,000円＋歩合給＋出張手当3000円／日 ※試用期間2ヶ月(月給256,000円) ※経験・スキ…"
220,株式会社パーフェクション | 稼げる人事制度＆誰でもスキルアップ可能なマニュアル完全完備！,【営業】キャリアアップ希望＆高収入希望集まれ！！！ 正社員,正社員,【稼げる人事制度＆能力に応じた豊富なマニュアル！】法人、個人事業主のお客様に、業務効率化・コスト削減等を実現するITソリューションの提案業務！,【未経験者活躍中／学歴・経験不問！】本気で《高収入＆キャリアアップ》を目指したい方全員採用します！！！,【仙台駅から徒歩圏内♪】 宮城県仙台市青葉区本町1-12-12　GMビル6F ＼ オフィスの1階に…,"月給206,000円〜400,000円＋歩合給 ※試用期間2ヶ月(月給256,000円) ※経験・スキルを考慮して優遇しま…"
221,株式会社パーフェクション | 仕事よりもプライベート☆職場環境・福利厚生が充実した職場！,安定志向に最適！ノルマ・残業一切なし！【コールスタッフ】 正社員,正社員,【未経験者活躍中！豊富なマニュアル！綺麗な職場！安心の充実した研修＆サポート体制！】お客様のニーズをヒアリングして環境確認をするだけの業務！,★応募者全員とお会いします★【未経験歓迎／学歴・経験不問！】正社員・オフィスワークデビューも大歓迎！ほとんどが未経験からのスタートです♪,【仙台駅から徒歩圏内♪】 宮城県仙台市青葉区本町1-12-12　GMビル6F ＼ オフィスの1階に…,"月給206,000円〜400,000円＋歩合給 ※試用期間2ヶ月(月給256,000円) ※経験・スキルを考慮して優遇しま…"
222,株式会社寒河江測量設計事務所 | 《表彰実績多数！／最新機材を積極的に導入／早期キャリアUP可》,国土基盤のつくり手になれる！【建設コンサルタント】☆転勤なし 正社員,正社員,【新技術を駆使し、働き方改革へも積極的に取組】官公庁や民間企業からの依頼を受け、道路や橋梁、河川、砂防等の設計や維持管理等の業務を担います。,●RCCM、技術士等の建設関連資格をお持ちの方　●建設コンサルタント、土木分野での実務経験のある方　●普通免許　●高専・短大卒以上,【転勤なし／U・Iターン歓迎】 ●本社 山形県寒河江市大字西根字長面153番地の1 ●交通アクセス…,"月給200,000円以上 ※経験・有資格を考慮の上、当社規定により優遇します。"
223,株式会社寒河江測量設計事務所 | 《表彰実績多数！／最新機材を積極的に導入／早期キャリアUP可》,新技術でまちづくりに貢献【UAVオペレーター・測量】☆転勤なし 正社員,正社員,【最新の技術で地形を“見る”測量スタッフ】官公庁や民間企業からの依頼を受け、土木事業用の調査・計測などUAV測量、地上測量業務を行います！,●測量士・測量士補などの建設関連資格のいずれかをお持ちの方　●建設業の実務経験のある方　●UAV操作資格をお持ちの方　●普通免許,【転勤なし／U・Iターン歓迎】 ●本社 山形県寒河江市大字西根字長面153番地の1 ●交通アクセス…,"月給180,000円以上 ※経験・資格を考慮の上、当社規定により優遇します。"
224,株式会社タカラレーベン東北 | ≪東北エリア供給戸数ランキング第1位≫タカラレーベングループ,業界大手で新たなキャリアを形成【マンション営業】未経験者歓迎 正社員,正社員,【LEBENブランドの反響型営業(飛び込みなし)】◎お客様の細かなニーズを反映できる確かな商材力が強み！ ※知識・経験ゼロからじっくり育成します,【未経験者・第二新卒歓迎】◎要普免 ◎育成枠採用のため人柄を重視！知識やスキルは入社後に磨いてください《年間休日121日(土日)プライベート充実》,仙台市・山形市・郡山市・北上市・横手市等、東北エリアの各モデルルーム ◆宮城県仙台市青葉区大町 ◆…,月給21万2000円〜33万7000円＋歩合給 +手当 ※試用期間2ヶ月あり(変動なし) ※経験・能力を考慮 ※宅建士…
225,東北インテリジェント通信株式会社 | 【東北電力グループ】★UIターン歓迎！★,東北の通信インフラを支える！【ネットワークエンジニア】 正社員,正社員,お客さまへ提供するための機器の設計・設定・保守、営業の技術サポートを行います！プロジェクトを完遂する達成感や面白さを感じられます！,◎学歴不問　◎LAN構築、運用、保守等の3年以上の経験をお持ちの方　◎無線LANの調査・設計・構築やプロジェクトマネジメント経験者を歓迎します！,【UIターン歓迎！】 ◆本社/宮城県仙台市青葉区一番町3-7-1　電力ビル2階 ※今回の募集は本社…,"月給238,000円以上(諸手当別) 【モデル年収例】 25歳（入社3年目）／400万円　※諸手当含み 27歳（入社5…"
226,大日通信工業株式会社 | 【大日グループ◆創業60年】,★週休2日（土日祝）★資格・経験不問！【電気工事施工管理】 正社員,正社員,《手厚い教育体制をご用意》電気工事の施工管理スタッフとして幅広い業務を担当　★資格取得支援・資格手当あり ★GW・夏季・年末年始の長期休暇も◎,《既卒・第二新卒・未経験の方大歓迎！》★社会人デビューOK ★多数の20代スタッフが活躍中！　■高専・専門学校卒業以上　※文理不問,尼崎本社 兵庫県尼崎市金楽寺町1-2-65 J R「尼崎」駅から徒歩8分 *東京営業所 東京都江東…,"月給242,000円〜327,000円 ※給与には、外勤手当として固定残業代月22時間分を含む ※固定残業代は法定の…"
227,株式会社フェローズ | 《WEB面接可》年間休日120日！早期キャリアアップも可能！,【人材コーディネーター】クリエイター専門の人材コンサルタント 正社員,正社員,【人材コーディネーター】クリエイター専門！メディア・IT業界等の法人とクリエイターの双方に向き合いながらジョブマッチングを実現する仕事です！,＜必須条件＞ ●大卒以上 ●無形商材の営業経験 ●人との会話が好きで、フットワークの軽い方 ●営業として数字への意識が強い方,◆札幌 北海道札幌市中央区北1条西3-3　敷島北一条ビル8F ◆仙台（積極採用中！） 宮城県仙台市…,"◆月給　25万円〜50万円（45時間分の残業代65,029円〜含む） ※超過した時間外労働については別途残業手…"
228,オータス株式会社 | 《インフラ系自社パッケージシステムで業界シェアトップクラス》,客先常駐ほぼなし！【ITエンジニア】☆土日祝休み/年間休日126日 正社員,正社員,【個人の得意分野を伸ばす社風です◎】自社パッケージシステムの開発、プログラミングをご担当いただきます。☆残業少なめ：月20時間～30時間程度,■必須：企業向けのシステム設計・開発経験をお持ちの方、要普免　■歓迎：VB・SQL・.net C#を使用したプログラミング経験者　☆U・Iターン歓迎,【転勤なし／客先での作業は納品時以外はほぼなし】 ■本社 宮城県仙台市青葉区本町2-3-10 仙台…,"月給：200,000円〜235,000円 ＋ 各種手当 ※経験・能力等を考慮のうえ、当社規定により決定いたします。"
229,"株式会社水機テクノス | 東証JASDAQ上場""水道機工株式会社""グループ／完全週休2日制",生活に欠かせない”水”を支える！【監理技術者】※有資格者募集 契約社員,契約社員,【ライフラインを支える優良企業】専任技術者としての内勤専従か、現場にも出る監理技術者(機械器具設置)として活躍していただきます。,50～60代のシニア層活躍中！【安定企業でスキルアップ可能】◎監理技術者（機械器具設置）の資格をお持ちの方を募集,仙台、盛岡、世田谷、静岡、広島、博多いずれかの拠点で勤務いただきます。 ※希望を考慮のうえ決定 ※…,月給：20万円〜50万円 ※経験、年齢、資格などを考慮のうえ決定
230,株式会社第一コンピュータリソース | 40年以上の歴史を誇るSIベンダー/全国各地に拠点あり,《リーダー候補》【SE/PG】*残業時間月平均18h *自社内開発100% 正社員,正社員,〔日立パートナー企業として安定成長/上流工程をお任せ〕製造業をはじめ、金融・公共・物流業界などに導入されているパッケージの開発に携わります。,〔学歴不問・SEやPGの実務経験を2年以上お持ちの方〕PL・PMを目指したい方やエンジニアとしてさらにスキルを磨きたい方を歓迎します。,◆仙台・東京・浜松・名古屋・大阪・福岡 ◆勤務地は希望を考慮します 〔仙台営業所〕 宮城県仙台市青…,"月給20万3,300円〜28万1,990円 ※経験・年齢を考慮の上、当社規定により優遇します。 ※試用期間3ヶ月あ…"
231,株式会社ウンノハウス | 慣れ親しんだ場所で働きたいetc...UIターン歓迎!引越代サポート,【リノベーションセールスエンジニア(技術営業)】業績賞与年4回! 正社員,正社員,中古建物(住宅/マンション/店舗etc.)のリノベーション(再生刷新)に関わる営業提案・設計デザイン・施工管理 ★モデル年収720万円(大卒40歳/中途採用),【必須条件】1級または2級建築士有資格者、リフォーム・リノベーション業界経験者、CADの一般的操作の出来る方、要普通自動車運転免許,【希望勤務地考慮】 仙台市、山形市、福島市のいずれかの拠点 【仙台支店】 宮城県仙台市青葉区上杉3…,年俸制420万円〜600万円＋業績賞与年4回 ※当社は成果主義による年俸制度を導入の為、年齢・性別・経験…
232,オスモ＆エーデル株式会社 | 世界トップクラスのシェア！ドイツ商品を独占的に扱う専門商社,ドイツ製建築資材を扱う【提案営業】＊月給26万円以上＊土日休み 正社員,正社員,【世界でもトップクラスのシェア！】当社が独占的に扱うドイツ製の自然塗料や断熱樹脂サッシなど建築資材の提案営業をお任せします。研修制度も充実！,【中途入社の若手が多く活躍中！ 社員同士の交流も活発です】◆法人営業の経験（業界不問） ◆高専・大卒以上 ◆要普免（AT限定可）,《東京支社（新宿区）／名古屋支社（中区）で募集中》 ※希望を考慮！基本的に転居を伴う転勤はありませ…,月給26万円〜40万円 ※経験、能力、前職給与等を考慮 ※試用期間3ヶ月あり（その間の待遇に変動はありま…
233,株式会社小野組 | 【明治21年創業】全国に拠点あり！官公庁・大手取引多数,【建築施工管理】★転勤なし★社宅あり★完全週休二日※未経験OK 正社員,正社員,【国土交通省などの官公庁、大手企業と多数取引】見積り・打合せ・施工計画の作成・工程管理など、施工管理業務をお任せします。◎社内研修充実！,【未経験・第二新卒歓迎】◆学歴不問◆年齢不問★当社に興味を持っていただけた方はぜひご応募を◎男女ともに子育てしやすい環境あり◎残業月30h程度,◆関東支店／埼玉県さいたま市浦和区常盤9-20-3 北浦和第二大栄ビル3F ※転勤なし ※U・Iタ…,月給25万円〜30万円 ※経験・スキル・年齢を考慮の上、決定します。 ※試用期間6ヶ月(待遇に変更はありま…
234,佐藤鉄工株式会社 | 1世紀以上に渡り橋梁や水門など公共案件を中心にインフラに貢献,現場大好き人間集まれ！【現場管理スタッフ】★年間休日122日 正社員,正社員,【あなたの経験に応じた案件をお任せ】全国各地にある橋梁やダム、発電用水門設備の施工管理業務をお任せします,【土木施工管理の経験者も未経験者も歓迎】■高卒以上　■要普免(AT限定可)　■土木施工管理の有資格者は優遇します,★エリア内での直行直帰 ★原則転勤なし ★配属先はお住まいや希望を考慮します 【北陸エリア】 ☆現…,◆月給25万円以上 ※土木施工管理技士の有資格者及び施工管理経験者は特に優遇いたします ※経験・能力等…
235,若築建設株式会社 | 《明治23年創業！東証一部上場企業》◎強固な基盤を形成,月給30万円以上！【施工管理（土木・建築）】※経験者採用 正社員,正社員,《経験とスキルを最大限に発揮！》 ◆土木または建築工事の施工管理を担当★大規模案件もゆとりある人員体制で休みを確保 ★官公庁案件の元請け多数,≪施工管理の実務経験や資格取得者、土木建築系学部卒など業務に関わる知識・経験がある方を募集≫ ◎,＜腰をすえて長く働ける環境＞ ★支店または、全国プロジェクト先へ直行直帰となります。 ★ご希望を考…,月給30万円以上 ※経験、スキル等に応じて当社規定により決定します ※当初12ヵ月間は契約社員。その期間…
236,株式会社タカラレーベン東北 | 「レーベン」シリーズ等を手掛け、マンション供給戸数東北No.1※,自社商品の成長を支える【商品企画】年休121日(土日)・転勤なし 正社員,正社員,【高い知名度とブランド力あり！】自社ブランド『LEBEN(レーベン)』のマンションを中心に、自社で扱うマンションのコンセプト企画などを担当！,【いずれかの業務経験がある方(年数不問)】◎不動産業界での経験(施工管理/設計/企画など) ◎設計事務所での経験 ◎建築学科卒での建設業界での経験,【転勤なし】 ◎宮城県仙台市青葉区中央2-2-10 仙都会舘ビル 5階 ★UIターン歓迎,月給21万2000円〜＋手当 ※経験・能力を考慮 【各種手当】 資格手当（宅建士：月2万円、1級建築士：月5…
